ISO-10303-21;
HEADER;
/* Generated by software containing ST-Developer
 * from STEP Tools, Inc. (www.steptools.com) 
 */

FILE_DESCRIPTION(
/* description */ (''),
/* implementation_level */ '2;1');

FILE_NAME(
/* name */ 'makita-holder.step',
/* time_stamp */ '2026-07-13T11:41:20+02:00',
/* author */ (''),
/* organization */ (''),
/* preprocessor_version */ 'ST-DEVELOPER v20.1',
/* originating_system */ 'Autodesk Translation Framework v15.8.0.0',
/* authorisation */ '');

FILE_SCHEMA (('AUTOMOTIVE_DESIGN { 1 0 10303 214 3 1 1 }'));
ENDSEC;

DATA;
#10=MECHANICAL_DESIGN_GEOMETRIC_PRESENTATION_REPRESENTATION('',(#17),#2044);
#11=ITEM_DEFINED_TRANSFORMATION($,$,#1060,#1165);
#12=(
REPRESENTATION_RELATIONSHIP($,$,#2055,#2054)
REPRESENTATION_RELATIONSHIP_WITH_TRANSFORMATION(#11)
SHAPE_REPRESENTATION_RELATIONSHIP()
);
#13=CONTEXT_DEPENDENT_SHAPE_REPRESENTATION(#12,#2053);
#14=NEXT_ASSEMBLY_USAGE_OCCURRENCE('Component2:1','Component2:1',
'Component2:1',#2057,#2058,'Component2:1');
#15=SHAPE_REPRESENTATION_RELATIONSHIP('SRR','None',#2055,#16);
#16=ADVANCED_BREP_SHAPE_REPRESENTATION('',(#18),#2043);
#17=STYLED_ITEM('',(#2068),#18);
#18=MANIFOLD_SOLID_BREP('Body1',#1046);
#19=ELLIPSE('',#1125,2.70292159042155,2.);
#20=ELLIPSE('',#1127,2.70292159042155,2.);
#21=TOROIDAL_SURFACE('',#1111,6.00000009685755,0.5);
#22=TOROIDAL_SURFACE('',#1115,6.00000009685755,0.5);
#23=TOROIDAL_SURFACE('',#1141,30.5,2.);
#24=TOROIDAL_SURFACE('',#1142,38.5,2.);
#25=TOROIDAL_SURFACE('',#1143,41.,4.);
#26=(
BOUNDED_SURFACE()
B_SPLINE_SURFACE(5,1,((#1613,#1614),(#1615,#1616),(#1617,#1618),(#1619,
#1620),(#1621,#1622),(#1623,#1624),(#1625,#1626),(#1627,#1628),(#1629,#1630),
(#1631,#1632)),.UNSPECIFIED.,.F.,.F.,.F.)
B_SPLINE_SURFACE_WITH_KNOTS((6,1,1,1,1,6),(2,2),(0.034771797399681,0.2,
0.4,0.6,0.8,1.),(0.,8.8),.UNSPECIFIED.)
GEOMETRIC_REPRESENTATION_ITEM()
RATIONAL_B_SPLINE_SURFACE(((1.,1.),(1.,1.),(1.,1.),(1.,1.),(1.,1.),(1.,
1.),(1.,1.),(1.,1.),(1.,1.),(1.,1.)))
REPRESENTATION_ITEM('')
SURFACE()
);
#27=(
BOUNDED_SURFACE()
B_SPLINE_SURFACE(5,1,((#1985,#1986),(#1987,#1988),(#1989,#1990),(#1991,
#1992),(#1993,#1994),(#1995,#1996),(#1997,#1998),(#1999,#2000),(#2001,#2002),
(#2003,#2004)),.UNSPECIFIED.,.F.,.F.,.F.)
B_SPLINE_SURFACE_WITH_KNOTS((6,1,1,1,1,6),(2,2),(-1.,-0.8,-0.6,-0.4,-0.2,
0.),(0.,8.8),.UNSPECIFIED.)
GEOMETRIC_REPRESENTATION_ITEM()
RATIONAL_B_SPLINE_SURFACE(((1.,1.),(1.,1.),(1.,1.),(1.,1.),(1.,1.),(1.,
1.),(1.,1.),(1.,1.),(1.,1.),(1.,1.)))
REPRESENTATION_ITEM('')
SURFACE()
);
#28=FACE_BOUND('',#135,.T.);
#29=FACE_BOUND('',#140,.T.);
#30=FACE_BOUND('',#156,.T.);
#31=FACE_BOUND('',#160,.T.);
#32=FACE_BOUND('',#161,.T.);
#33=FACE_BOUND('',#162,.T.);
#34=FACE_BOUND('',#163,.T.);
#35=FACE_BOUND('',#171,.T.);
#36=FACE_BOUND('',#172,.T.);
#37=FACE_BOUND('',#173,.T.);
#38=FACE_BOUND('',#174,.T.);
#39=FACE_BOUND('',#175,.T.);
#40=FACE_BOUND('',#184,.T.);
#41=CONICAL_SURFACE('',#1088,3.50000004470348,0.785398163397448);
#42=CONICAL_SURFACE('',#1132,21.,0.785398163397448);
#43=CONICAL_SURFACE('',#1158,3.50000004470348,0.785398163397449);
#44=PLANE('',#1066);
#45=PLANE('',#1067);
#46=PLANE('',#1070);
#47=PLANE('',#1083);
#48=PLANE('',#1087);
#49=PLANE('',#1091);
#50=PLANE('',#1099);
#51=PLANE('',#1101);
#52=PLANE('',#1104);
#53=PLANE('',#1105);
#54=PLANE('',#1129);
#55=PLANE('',#1135);
#56=PLANE('',#1148);
#57=PLANE('',#1149);
#58=PLANE('',#1150);
#59=PLANE('',#1151);
#60=PLANE('',#1152);
#61=PLANE('',#1157);
#62=PLANE('',#1161);
#63=PLANE('',#1162);
#64=PLANE('',#1163);
#65=PLANE('',#1164);
#66=FACE_OUTER_BOUND('',#122,.T.);
#67=FACE_OUTER_BOUND('',#123,.T.);
#68=FACE_OUTER_BOUND('',#124,.T.);
#69=FACE_OUTER_BOUND('',#125,.T.);
#70=FACE_OUTER_BOUND('',#126,.T.);
#71=FACE_OUTER_BOUND('',#127,.T.);
#72=FACE_OUTER_BOUND('',#128,.T.);
#73=FACE_OUTER_BOUND('',#129,.T.);
#74=FACE_OUTER_BOUND('',#130,.T.);
#75=FACE_OUTER_BOUND('',#131,.T.);
#76=FACE_OUTER_BOUND('',#132,.T.);
#77=FACE_OUTER_BOUND('',#133,.T.);
#78=FACE_OUTER_BOUND('',#134,.T.);
#79=FACE_OUTER_BOUND('',#136,.T.);
#80=FACE_OUTER_BOUND('',#137,.T.);
#81=FACE_OUTER_BOUND('',#138,.T.);
#82=FACE_OUTER_BOUND('',#139,.T.);
#83=FACE_OUTER_BOUND('',#141,.T.);
#84=FACE_OUTER_BOUND('',#142,.T.);
#85=FACE_OUTER_BOUND('',#143,.T.);
#86=FACE_OUTER_BOUND('',#144,.T.);
#87=FACE_OUTER_BOUND('',#145,.T.);
#88=FACE_OUTER_BOUND('',#146,.T.);
#89=FACE_OUTER_BOUND('',#147,.T.);
#90=FACE_OUTER_BOUND('',#148,.T.);
#91=FACE_OUTER_BOUND('',#149,.T.);
#92=FACE_OUTER_BOUND('',#150,.T.);
#93=FACE_OUTER_BOUND('',#151,.T.);
#94=FACE_OUTER_BOUND('',#152,.T.);
#95=FACE_OUTER_BOUND('',#153,.T.);
#96=FACE_OUTER_BOUND('',#154,.T.);
#97=FACE_OUTER_BOUND('',#155,.T.);
#98=FACE_OUTER_BOUND('',#157,.T.);
#99=FACE_OUTER_BOUND('',#158,.T.);
#100=FACE_OUTER_BOUND('',#159,.T.);
#101=FACE_OUTER_BOUND('',#164,.T.);
#102=FACE_OUTER_BOUND('',#165,.T.);
#103=FACE_OUTER_BOUND('',#166,.T.);
#104=FACE_OUTER_BOUND('',#167,.T.);
#105=FACE_OUTER_BOUND('',#168,.T.);
#106=FACE_OUTER_BOUND('',#169,.T.);
#107=FACE_OUTER_BOUND('',#170,.T.);
#108=FACE_OUTER_BOUND('',#176,.T.);
#109=FACE_OUTER_BOUND('',#177,.T.);
#110=FACE_OUTER_BOUND('',#178,.T.);
#111=FACE_OUTER_BOUND('',#179,.T.);
#112=FACE_OUTER_BOUND('',#180,.T.);
#113=FACE_OUTER_BOUND('',#181,.T.);
#114=FACE_OUTER_BOUND('',#182,.T.);
#115=FACE_OUTER_BOUND('',#183,.T.);
#116=FACE_OUTER_BOUND('',#185,.T.);
#117=FACE_OUTER_BOUND('',#186,.T.);
#118=FACE_OUTER_BOUND('',#187,.T.);
#119=FACE_OUTER_BOUND('',#188,.T.);
#120=FACE_OUTER_BOUND('',#189,.T.);
#121=FACE_OUTER_BOUND('',#190,.T.);
#122=EDGE_LOOP('',(#664,#665,#666,#667));
#123=EDGE_LOOP('',(#668,#669,#670,#671));
#124=EDGE_LOOP('',(#672,#673,#674,#675,#676,#677));
#125=EDGE_LOOP('',(#678,#679,#680,#681,#682,#683,#684));
#126=EDGE_LOOP('',(#685,#686,#687,#688,#689,#690,#691));
#127=EDGE_LOOP('',(#692,#693,#694,#695));
#128=EDGE_LOOP('',(#696,#697,#698,#699));
#129=EDGE_LOOP('',(#700,#701,#702,#703));
#130=EDGE_LOOP('',(#704));
#131=EDGE_LOOP('',(#705,#706,#707,#708));
#132=EDGE_LOOP('',(#709));
#133=EDGE_LOOP('',(#710,#711,#712,#713));
#134=EDGE_LOOP('',(#714,#715,#716,#717,#718,#719));
#135=EDGE_LOOP('',(#720));
#136=EDGE_LOOP('',(#721,#722,#723,#724));
#137=EDGE_LOOP('',(#725,#726,#727,#728,#729,#730,#731,#732,#733,#734));
#138=EDGE_LOOP('',(#735,#736,#737,#738));
#139=EDGE_LOOP('',(#739,#740,#741,#742,#743,#744,#745));
#140=EDGE_LOOP('',(#746));
#141=EDGE_LOOP('',(#747,#748,#749,#750));
#142=EDGE_LOOP('',(#751,#752,#753,#754,#755,#756,#757));
#143=EDGE_LOOP('',(#758,#759,#760,#761,#762,#763,#764));
#144=EDGE_LOOP('',(#765,#766,#767,#768,#769));
#145=EDGE_LOOP('',(#770,#771,#772,#773,#774));
#146=EDGE_LOOP('',(#775,#776,#777,#778));
#147=EDGE_LOOP('',(#779,#780,#781,#782));
#148=EDGE_LOOP('',(#783,#784,#785,#786,#787,#788,#789));
#149=EDGE_LOOP('',(#790,#791,#792,#793));
#150=EDGE_LOOP('',(#794,#795,#796,#797));
#151=EDGE_LOOP('',(#798,#799,#800,#801,#802,#803,#804,#805,#806,#807,#808,
#809,#810,#811,#812,#813,#814,#815,#816,#817));
#152=EDGE_LOOP('',(#818,#819,#820,#821,#822,#823,#824));
#153=EDGE_LOOP('',(#825,#826,#827,#828,#829,#830));
#154=EDGE_LOOP('',(#831,#832,#833,#834,#835,#836));
#155=EDGE_LOOP('',(#837,#838,#839,#840,#841,#842));
#156=EDGE_LOOP('',(#843));
#157=EDGE_LOOP('',(#844,#845,#846,#847));
#158=EDGE_LOOP('',(#848,#849,#850,#851));
#159=EDGE_LOOP('',(#852));
#160=EDGE_LOOP('',(#853));
#161=EDGE_LOOP('',(#854));
#162=EDGE_LOOP('',(#855,#856,#857,#858));
#163=EDGE_LOOP('',(#859));
#164=EDGE_LOOP('',(#860,#861,#862,#863));
#165=EDGE_LOOP('',(#864,#865,#866,#867));
#166=EDGE_LOOP('',(#868,#869,#870,#871));
#167=EDGE_LOOP('',(#872,#873,#874,#875));
#168=EDGE_LOOP('',(#876,#877,#878,#879));
#169=EDGE_LOOP('',(#880,#881,#882,#883));
#170=EDGE_LOOP('',(#884));
#171=EDGE_LOOP('',(#885));
#172=EDGE_LOOP('',(#886));
#173=EDGE_LOOP('',(#887));
#174=EDGE_LOOP('',(#888));
#175=EDGE_LOOP('',(#889));
#176=EDGE_LOOP('',(#890,#891,#892,#893,#894,#895));
#177=EDGE_LOOP('',(#896,#897,#898,#899,#900,#901));
#178=EDGE_LOOP('',(#902,#903,#904,#905,#906,#907,#908,#909));
#179=EDGE_LOOP('',(#910,#911,#912,#913,#914));
#180=EDGE_LOOP('',(#915,#916,#917,#918));
#181=EDGE_LOOP('',(#919,#920,#921,#922));
#182=EDGE_LOOP('',(#923,#924,#925,#926));
#183=EDGE_LOOP('',(#927,#928,#929,#930,#931,#932,#933));
#184=EDGE_LOOP('',(#934));
#185=EDGE_LOOP('',(#935,#936,#937,#938));
#186=EDGE_LOOP('',(#939,#940,#941,#942));
#187=EDGE_LOOP('',(#943,#944,#945,#946,#947,#948));
#188=EDGE_LOOP('',(#949,#950,#951,#952,#953,#954));
#189=EDGE_LOOP('',(#955,#956,#957,#958,#959,#960));
#190=EDGE_LOOP('',(#961,#962,#963,#964,#965));
#191=B_SPLINE_CURVE_WITH_KNOTS('',3,(#1463,#1464,#1465,#1466,#1467,#1468),
 .UNSPECIFIED.,.F.,.F.,(4,2,4),(4.53058948086105,4.54314174667892,4.7699815729468),
 .UNSPECIFIED.);
#192=B_SPLINE_CURVE_WITH_KNOTS('',3,(#1565,#1566,#1567,#1568,#1569,#1570,
#1571,#1572,#1573,#1574,#1575,#1576),.UNSPECIFIED.,.F.,.F.,(4,2,2,2,2,4),
(-5.07162172516502,-4.30955415220466,-3.4145163114985,-2.22155615411311,
-1.10762591372459,-2.23839791146929E-8),.UNSPECIFIED.);
#193=B_SPLINE_CURVE_WITH_KNOTS('',3,(#1583,#1584,#1585,#1586,#1587,#1588,
#1589,#1590,#1591,#1592,#1593,#1594),.UNSPECIFIED.,.F.,.F.,(4,2,2,2,2,4),
(-2.47967007571817,-1.86400003988048,-1.36460810475396,-0.723210066699257,
-0.353014355646976,0.),.UNSPECIFIED.);
#194=B_SPLINE_CURVE_WITH_KNOTS('',3,(#1635,#1636,#1637,#1638,#1639,#1640,
#1641,#1642,#1643,#1644),.UNSPECIFIED.,.F.,.F.,(4,2,2,2,4),(0.,1.5693707741794,
2.91133738042946,3.59810345792602,4.28470662285367),.UNSPECIFIED.);
#195=B_SPLINE_CURVE_WITH_KNOTS('',3,(#1647,#1648,#1649,#1650,#1651,#1652,
#1653,#1654,#1655,#1656,#1657,#1658,#1659,#1660),.UNSPECIFIED.,.F.,.F.,
(4,2,2,2,2,2,4),(3.02085786297053,3.32206796074468,3.47267300963176,3.62327805851883,
3.70821952543776,3.73498986361272,3.75800430178596),.UNSPECIFIED.);
#196=B_SPLINE_CURVE_WITH_KNOTS('',3,(#1664,#1665,#1666,#1667,#1668,#1669,
#1670,#1671,#1672,#1673),.UNSPECIFIED.,.F.,.F.,(4,2,2,2,4),(0.781274425265415,
0.84329739870559,0.927882794163214,1.04305537480617,1.18152364917884),
 .UNSPECIFIED.);
#197=B_SPLINE_CURVE_WITH_KNOTS('',3,(#1681,#1682,#1683,#1684,#1685,#1686,
#1687,#1688,#1689,#1690,#1691,#1692),.UNSPECIFIED.,.F.,.F.,(4,2,2,2,2,4),
(0.381021711238535,0.502881703733359,0.6091420887971,0.710746665050489,
0.747817940576841,0.780806193029942),.UNSPECIFIED.);
#198=B_SPLINE_CURVE_WITH_KNOTS('',3,(#1695,#1696,#1697,#1698,#1699,#1700,
#1701,#1702,#1703,#1704,#1705,#1706,#1707,#1708),.UNSPECIFIED.,.F.,.F.,
(4,2,2,2,2,2,4),(1.25273512825814,1.27575046525133,1.30252162638593,1.38746364779477,
1.53804636157235,1.68862907534993,1.9897945029051),.UNSPECIFIED.);
#199=B_SPLINE_CURVE_WITH_KNOTS('',3,(#1716,#1717,#1718,#1719,#1720,#1721),
 .UNSPECIFIED.,.F.,.F.,(4,2,4),(3.77686336276398,4.17476768978513,4.33260607322842),
 .UNSPECIFIED.);
#200=B_SPLINE_CURVE_WITH_KNOTS('',3,(#1727,#1728,#1729,#1730,#1731,#1732),
 .UNSPECIFIED.,.F.,.F.,(4,2,4),(0.70321174379022,0.861050127233517,1.25895445425466),
 .UNSPECIFIED.);
#201=B_SPLINE_CURVE_WITH_KNOTS('',3,(#1738,#1739,#1740,#1741,#1742,#1743,
#1744,#1745,#1746,#1747),.UNSPECIFIED.,.F.,.F.,(4,2,2,2,4),(-0.000629184512779551,
2.52299927911565E-12,0.047345835310336,0.0941754145019115,0.155299797428197),
 .UNSPECIFIED.);
#202=B_SPLINE_CURVE_WITH_KNOTS('',3,(#1750,#1751,#1752,#1753,#1754,#1755,
#1756,#1757,#1758,#1759),.UNSPECIFIED.,.F.,.F.,(4,2,2,2,4),(0.639740422626384,
0.70375847931747,0.752805005629582,0.80239222800674,0.80305119858536),
 .UNSPECIFIED.);
#203=B_SPLINE_CURVE_WITH_KNOTS('',3,(#1762,#1763,#1764,#1765,#1766,#1767,
#1768,#1769),.UNSPECIFIED.,.F.,.F.,(4,2,2,4),(0.742310139533687,0.756489379786508,
0.835901530998416,0.866209843390203),.UNSPECIFIED.);
#204=B_SPLINE_CURVE_WITH_KNOTS('',3,(#1771,#1772,#1773,#1774,#1775,#1776,
#1777,#1778,#1779,#1780,#1781,#1782,#1783,#1784,#1785,#1786,#1787,#1788),
 .UNSPECIFIED.,.F.,.F.,(4,2,2,2,2,2,2,2,4),(1.14535560321068,1.21750941086207,
1.39143932669951,1.53035248448664,1.66926564227376,1.80817880006089,1.94709195784801,
2.12102187368545,2.19317568133684),.UNSPECIFIED.);
#205=B_SPLINE_CURVE_WITH_KNOTS('',3,(#1789,#1790,#1791,#1792,#1793,#1794,
#1795,#1796),.UNSPECIFIED.,.F.,.F.,(4,2,2,4),(0.487944613758997,0.518252926150784,
0.597665077362692,0.611844317615513),.UNSPECIFIED.);
#206=B_SPLINE_CURVE_WITH_KNOTS('',3,(#1801,#1802,#1803,#1804,#1805,#1806,
#1807,#1808,#1809,#1810),.UNSPECIFIED.,.F.,.F.,(4,2,2,2,4),(0.0610701507828707,
0.0753428982074182,0.150685796414836,0.22648805823321,0.244726229872029),
 .UNSPECIFIED.);
#207=B_SPLINE_CURVE_WITH_KNOTS('',3,(#1815,#1816,#1817,#1818,#1819,#1820,
#1821,#1822,#1823,#1824),.UNSPECIFIED.,.F.,.F.,(4,2,2,2,4),(-0.00062918448981496,
2.52298811183327E-12,0.0473458346205384,0.0941754130169214,0.155299794905284),
 .UNSPECIFIED.);
#208=B_SPLINE_CURVE_WITH_KNOTS('',3,(#1828,#1829,#1830,#1831,#1832,#1833,
#1834,#1835,#1836,#1837),.UNSPECIFIED.,.F.,.F.,(4,2,2,2,4),(0.639740432966962,
0.703758490841217,0.752805018059799,0.802392241472825,0.803051212050518),
 .UNSPECIFIED.);
#209=B_SPLINE_CURVE_WITH_KNOTS('',3,(#1841,#1842,#1843,#1844,#1845,#1846,
#1847,#1848),.UNSPECIFIED.,.F.,.F.,(4,2,2,4),(0.742310139533688,0.756489379786508,
0.835901530998416,0.866209843390202),.UNSPECIFIED.);
#210=B_SPLINE_CURVE_WITH_KNOTS('',3,(#1850,#1851,#1852,#1853,#1854,#1855,
#1856,#1857,#1858,#1859,#1860,#1861,#1862,#1863,#1864,#1865,#1866,#1867),
 .UNSPECIFIED.,.F.,.F.,(4,2,2,2,2,2,2,2,4),(1.14535560321068,1.21750941086207,
1.39143932669951,1.53035248448664,1.66926564227376,1.80817880006089,1.94709195784801,
2.12102187368545,2.19317568133684),.UNSPECIFIED.);
#211=B_SPLINE_CURVE_WITH_KNOTS('',3,(#1868,#1869,#1870,#1871,#1872,#1873,
#1874,#1875),.UNSPECIFIED.,.F.,.F.,(4,2,2,4),(0.487944613758998,0.518252926150784,
0.597665077362692,0.611844317615512),.UNSPECIFIED.);
#212=B_SPLINE_CURVE_WITH_KNOTS('',3,(#1885,#1886,#1887,#1888),
 .UNSPECIFIED.,.F.,.F.,(4,4),(1.66544945464643,1.80483967278133),
 .UNSPECIFIED.);
#213=B_SPLINE_CURVE_WITH_KNOTS('',3,(#1890,#1891,#1892,#1893,#1894,#1895),
 .UNSPECIFIED.,.F.,.F.,(4,2,4),(5.59713948733656,5.95982567798584,5.97685174819865),
 .UNSPECIFIED.);
#214=B_SPLINE_CURVE_WITH_KNOTS('',3,(#1898,#1899,#1900,#1901,#1902,#1903,
#1904,#1905,#1906,#1907),.UNSPECIFIED.,.F.,.F.,(4,2,2,2,4),(0.,0.497451683360708,
1.01940725572631,1.85458392497971,3.09640695435048),.UNSPECIFIED.);
#215=B_SPLINE_CURVE_WITH_KNOTS('',3,(#1911,#1912,#1913,#1914,#1915,#1916),
 .UNSPECIFIED.,.F.,.F.,(4,2,4),(4.0538876993638,4.07091376957661,4.43359996022589),
 .UNSPECIFIED.);
#216=B_SPLINE_CURVE_WITH_KNOTS('',3,(#1917,#1918,#1919,#1920),
 .UNSPECIFIED.,.F.,.F.,(4,4),(1.3462127063747,1.4856029245096),
 .UNSPECIFIED.);
#217=B_SPLINE_CURVE_WITH_KNOTS('',3,(#1925,#1926,#1927,#1928,#1929,#1930,
#1931,#1932,#1933,#1934),.UNSPECIFIED.,.F.,.F.,(4,2,2,2,4),(0.363532539530575,
0.381770711187177,0.457572973005551,0.532915871212969,0.547188618637516),
 .UNSPECIFIED.);
#218=B_SPLINE_CURVE_WITH_KNOTS('',3,(#1954,#1955,#1956,#1957,#1958,#1959),
 .UNSPECIFIED.,.F.,.F.,(4,2,4),(5.26075786741433,5.48759770088353,5.5001499667014),
 .UNSPECIFIED.);
#219=LINE('',#1460,#292);
#220=LINE('',#1471,#293);
#221=LINE('',#1473,#294);
#222=LINE('',#1477,#295);
#223=LINE('',#1479,#296);
#224=LINE('',#1481,#297);
#225=LINE('',#1483,#298);
#226=LINE('',#1484,#299);
#227=LINE('',#1487,#300);
#228=LINE('',#1489,#301);
#229=LINE('',#1491,#302);
#230=LINE('',#1495,#303);
#231=LINE('',#1500,#304);
#232=LINE('',#1504,#305);
#233=LINE('',#1508,#306);
#234=LINE('',#1510,#307);
#235=LINE('',#1516,#308);
#236=LINE('',#1522,#309);
#237=LINE('',#1528,#310);
#238=LINE('',#1535,#311);
#239=LINE('',#1542,#312);
#240=LINE('',#1547,#313);
#241=LINE('',#1550,#314);
#242=LINE('',#1552,#315);
#243=LINE('',#1557,#316);
#244=LINE('',#1560,#317);
#245=LINE('',#1563,#318);
#246=LINE('',#1578,#319);
#247=LINE('',#1582,#320);
#248=LINE('',#1597,#321);
#249=LINE('',#1599,#322);
#250=LINE('',#1603,#323);
#251=LINE('',#1607,#324);
#252=LINE('',#1609,#325);
#253=LINE('',#1610,#326);
#254=LINE('',#1634,#327);
#255=LINE('',#1662,#328);
#256=LINE('',#1674,#329);
#257=LINE('',#1677,#330);
#258=LINE('',#1679,#331);
#259=LINE('',#1694,#332);
#260=LINE('',#1714,#333);
#261=LINE('',#1724,#334);
#262=LINE('',#1734,#335);
#263=LINE('',#1799,#336);
#264=LINE('',#1811,#337);
#265=LINE('',#1878,#338);
#266=LINE('',#1881,#339);
#267=LINE('',#1883,#340);
#268=LINE('',#1896,#341);
#269=LINE('',#1909,#342);
#270=LINE('',#1922,#343);
#271=LINE('',#1924,#344);
#272=LINE('',#1940,#345);
#273=LINE('',#1947,#346);
#274=LINE('',#1948,#347);
#275=LINE('',#1953,#348);
#276=LINE('',#1964,#349);
#277=LINE('',#1974,#350);
#278=LINE('',#1984,#351);
#279=LINE('',#2007,#352);
#280=LINE('',#2008,#353);
#281=LINE('',#2010,#354);
#282=LINE('',#2012,#355);
#283=LINE('',#2014,#356);
#284=LINE('',#2015,#357);
#285=LINE('',#2017,#358);
#286=LINE('',#2019,#359);
#287=LINE('',#2023,#360);
#288=LINE('',#2026,#361);
#289=LINE('',#2029,#362);
#290=LINE('',#2032,#363);
#291=LINE('',#2034,#364);
#292=VECTOR('',#1174,10.);
#293=VECTOR('',#1179,10.);
#294=VECTOR('',#1180,10.);
#295=VECTOR('',#1185,10.);
#296=VECTOR('',#1186,10.);
#297=VECTOR('',#1187,10.);
#298=VECTOR('',#1188,10.);
#299=VECTOR('',#1189,10.);
#300=VECTOR('',#1192,10.);
#301=VECTOR('',#1193,10.);
#302=VECTOR('',#1194,10.);
#303=VECTOR('',#1197,10.);
#304=VECTOR('',#1202,10.);
#305=VECTOR('',#1205,10.);
#306=VECTOR('',#1208,10.);
#307=VECTOR('',#1209,10.);
#308=VECTOR('',#1216,3.);
#309=VECTOR('',#1223,3.);
#310=VECTOR('',#1230,3.);
#311=VECTOR('',#1239,3.);
#312=VECTOR('',#1248,3.50000004470348);
#313=VECTOR('',#1253,10.);
#314=VECTOR('',#1256,10.);
#315=VECTOR('',#1257,10.);
#316=VECTOR('',#1264,3.00000004470348);
#317=VECTOR('',#1267,10.);
#318=VECTOR('',#1270,10.);
#319=VECTOR('',#1271,10.);
#320=VECTOR('',#1274,10.);
#321=VECTOR('',#1277,10.);
#322=VECTOR('',#1278,10.);
#323=VECTOR('',#1283,10.);
#324=VECTOR('',#1286,10.);
#325=VECTOR('',#1287,10.);
#326=VECTOR('',#1288,10.);
#327=VECTOR('',#1291,10.);
#328=VECTOR('',#1294,10.);
#329=VECTOR('',#1295,10.);
#330=VECTOR('',#1298,10.);
#331=VECTOR('',#1299,10.);
#332=VECTOR('',#1300,10.);
#333=VECTOR('',#1305,30.25);
#334=VECTOR('',#1308,10.);
#335=VECTOR('',#1311,30.25);
#336=VECTOR('',#1322,10.);
#337=VECTOR('',#1323,10.);
#338=VECTOR('',#1334,10.);
#339=VECTOR('',#1337,10.);
#340=VECTOR('',#1338,10.);
#341=VECTOR('',#1339,10.);
#342=VECTOR('',#1342,10.);
#343=VECTOR('',#1345,10.);
#344=VECTOR('',#1346,10.);
#345=VECTOR('',#1353,10.);
#346=VECTOR('',#1362,10.);
#347=VECTOR('',#1363,10.);
#348=VECTOR('',#1368,10.);
#349=VECTOR('',#1373,21.);
#350=VECTOR('',#1388,17.5);
#351=VECTOR('',#1403,45.);
#352=VECTOR('',#1408,10.);
#353=VECTOR('',#1409,10.);
#354=VECTOR('',#1412,10.);
#355=VECTOR('',#1415,10.);
#356=VECTOR('',#1416,10.);
#357=VECTOR('',#1417,10.);
#358=VECTOR('',#1420,10.);
#359=VECTOR('',#1423,10.);
#360=VECTOR('',#1428,10.);
#361=VECTOR('',#1433,10.);
#362=VECTOR('',#1436,3.50000004470349);
#363=VECTOR('',#1441,3.00000004470348);
#364=VECTOR('',#1444,10.);
#365=CIRCLE('',#1062,12.5);
#366=CIRCLE('',#1063,12.5);
#367=CIRCLE('',#1065,36.5);
#368=CIRCLE('',#1068,36.5);
#369=CIRCLE('',#1069,32.75);
#370=CIRCLE('',#1071,32.75);
#371=CIRCLE('',#1072,36.5);
#372=CIRCLE('',#1073,36.5);
#373=CIRCLE('',#1075,3.);
#374=CIRCLE('',#1076,3.);
#375=CIRCLE('',#1078,3.);
#376=CIRCLE('',#1079,3.);
#377=CIRCLE('',#1081,3.);
#378=CIRCLE('',#1082,3.);
#379=CIRCLE('',#1085,3.);
#380=CIRCLE('',#1086,3.);
#381=CIRCLE('',#1089,4.00000004470348);
#382=CIRCLE('',#1090,3.00000004470348);
#383=CIRCLE('',#1092,30.25);
#384=CIRCLE('',#1093,6.00000009685755);
#385=CIRCLE('',#1095,3.00000004470348);
#386=CIRCLE('',#1097,32.75);
#387=CIRCLE('',#1098,32.75);
#388=CIRCLE('',#1100,32.5);
#389=CIRCLE('',#1102,12.5);
#390=CIRCLE('',#1103,3.00000004470348);
#391=CIRCLE('',#1107,30.25);
#392=CIRCLE('',#1108,30.25);
#393=CIRCLE('',#1110,30.25);
#394=CIRCLE('',#1112,6.50000009685755);
#395=CIRCLE('',#1116,6.50000009685755);
#396=CIRCLE('',#1117,6.00000009685755);
#397=CIRCLE('',#1120,36.5);
#398=CIRCLE('',#1121,36.5);
#399=CIRCLE('',#1124,2.);
#400=CIRCLE('',#1128,2.);
#401=CIRCLE('',#1130,4.00000004470349);
#402=CIRCLE('',#1133,24.5);
#403=CIRCLE('',#1134,17.5);
#404=CIRCLE('',#1136,41.);
#405=CIRCLE('',#1137,30.5);
#406=CIRCLE('',#1138,38.5);
#407=CIRCLE('',#1140,17.5);
#408=CIRCLE('',#1144,4.);
#409=CIRCLE('',#1145,45.);
#410=CIRCLE('',#1147,45.);
#411=CIRCLE('',#1155,12.5);
#412=CIRCLE('',#1159,3.00000004470348);
#413=VERTEX_POINT('',#1456);
#414=VERTEX_POINT('',#1457);
#415=VERTEX_POINT('',#1459);
#416=VERTEX_POINT('',#1461);
#417=VERTEX_POINT('',#1470);
#418=VERTEX_POINT('',#1472);
#419=VERTEX_POINT('',#1476);
#420=VERTEX_POINT('',#1478);
#421=VERTEX_POINT('',#1480);
#422=VERTEX_POINT('',#1482);
#423=VERTEX_POINT('',#1486);
#424=VERTEX_POINT('',#1488);
#425=VERTEX_POINT('',#1490);
#426=VERTEX_POINT('',#1492);
#427=VERTEX_POINT('',#1494);
#428=VERTEX_POINT('',#1498);
#429=VERTEX_POINT('',#1499);
#430=VERTEX_POINT('',#1501);
#431=VERTEX_POINT('',#1503);
#432=VERTEX_POINT('',#1505);
#433=VERTEX_POINT('',#1507);
#434=VERTEX_POINT('',#1509);
#435=VERTEX_POINT('',#1513);
#436=VERTEX_POINT('',#1515);
#437=VERTEX_POINT('',#1519);
#438=VERTEX_POINT('',#1521);
#439=VERTEX_POINT('',#1525);
#440=VERTEX_POINT('',#1527);
#441=VERTEX_POINT('',#1532);
#442=VERTEX_POINT('',#1534);
#443=VERTEX_POINT('',#1539);
#444=VERTEX_POINT('',#1541);
#445=VERTEX_POINT('',#1545);
#446=VERTEX_POINT('',#1546);
#447=VERTEX_POINT('',#1549);
#448=VERTEX_POINT('',#1551);
#449=VERTEX_POINT('',#1555);
#450=VERTEX_POINT('',#1559);
#451=VERTEX_POINT('',#1561);
#452=VERTEX_POINT('',#1564);
#453=VERTEX_POINT('',#1577);
#454=VERTEX_POINT('',#1579);
#455=VERTEX_POINT('',#1581);
#456=VERTEX_POINT('',#1596);
#457=VERTEX_POINT('',#1598);
#458=VERTEX_POINT('',#1602);
#459=VERTEX_POINT('',#1604);
#460=VERTEX_POINT('',#1606);
#461=VERTEX_POINT('',#1608);
#462=VERTEX_POINT('',#1611);
#463=VERTEX_POINT('',#1633);
#464=VERTEX_POINT('',#1646);
#465=VERTEX_POINT('',#1661);
#466=VERTEX_POINT('',#1663);
#467=VERTEX_POINT('',#1676);
#468=VERTEX_POINT('',#1678);
#469=VERTEX_POINT('',#1680);
#470=VERTEX_POINT('',#1693);
#471=VERTEX_POINT('',#1710);
#472=VERTEX_POINT('',#1711);
#473=VERTEX_POINT('',#1713);
#474=VERTEX_POINT('',#1715);
#475=VERTEX_POINT('',#1722);
#476=VERTEX_POINT('',#1726);
#477=VERTEX_POINT('',#1733);
#478=VERTEX_POINT('',#1737);
#479=VERTEX_POINT('',#1748);
#480=VERTEX_POINT('',#1761);
#481=VERTEX_POINT('',#1770);
#482=VERTEX_POINT('',#1798);
#483=VERTEX_POINT('',#1800);
#484=VERTEX_POINT('',#1813);
#485=VERTEX_POINT('',#1814);
#486=VERTEX_POINT('',#1825);
#487=VERTEX_POINT('',#1827);
#488=VERTEX_POINT('',#1840);
#489=VERTEX_POINT('',#1849);
#490=VERTEX_POINT('',#1877);
#491=VERTEX_POINT('',#1879);
#492=VERTEX_POINT('',#1882);
#493=VERTEX_POINT('',#1884);
#494=VERTEX_POINT('',#1889);
#495=VERTEX_POINT('',#1908);
#496=VERTEX_POINT('',#1910);
#497=VERTEX_POINT('',#1923);
#498=VERTEX_POINT('',#1936);
#499=VERTEX_POINT('',#1938);
#500=VERTEX_POINT('',#1942);
#501=VERTEX_POINT('',#1946);
#502=VERTEX_POINT('',#1949);
#503=VERTEX_POINT('',#1952);
#504=VERTEX_POINT('',#1961);
#505=VERTEX_POINT('',#1963);
#506=VERTEX_POINT('',#1967);
#507=VERTEX_POINT('',#1972);
#508=VERTEX_POINT('',#1978);
#509=VERTEX_POINT('',#1982);
#510=VERTEX_POINT('',#2013);
#511=VERTEX_POINT('',#2021);
#512=VERTEX_POINT('',#2028);
#513=EDGE_CURVE('',#413,#414,#365,.T.);
#514=EDGE_CURVE('',#414,#415,#219,.T.);
#515=EDGE_CURVE('',#415,#416,#366,.T.);
#516=EDGE_CURVE('',#416,#413,#191,.T.);
#517=EDGE_CURVE('',#417,#413,#220,.T.);
#518=EDGE_CURVE('',#416,#418,#221,.T.);
#519=EDGE_CURVE('',#418,#417,#367,.T.);
#520=EDGE_CURVE('',#414,#419,#222,.T.);
#521=EDGE_CURVE('',#419,#420,#223,.T.);
#522=EDGE_CURVE('',#420,#421,#224,.T.);
#523=EDGE_CURVE('',#421,#422,#225,.T.);
#524=EDGE_CURVE('',#422,#415,#226,.T.);
#525=EDGE_CURVE('',#423,#417,#227,.T.);
#526=EDGE_CURVE('',#418,#424,#228,.T.);
#527=EDGE_CURVE('',#425,#424,#229,.T.);
#528=EDGE_CURVE('',#426,#425,#368,.T.);
#529=EDGE_CURVE('',#427,#426,#230,.T.);
#530=EDGE_CURVE('',#427,#423,#369,.T.);
#531=EDGE_CURVE('',#428,#429,#231,.T.);
#532=EDGE_CURVE('',#429,#430,#370,.T.);
#533=EDGE_CURVE('',#430,#431,#232,.T.);
#534=EDGE_CURVE('',#432,#431,#371,.T.);
#535=EDGE_CURVE('',#432,#433,#233,.T.);
#536=EDGE_CURVE('',#433,#434,#234,.T.);
#537=EDGE_CURVE('',#428,#434,#372,.T.);
#538=EDGE_CURVE('',#435,#435,#373,.T.);
#539=EDGE_CURVE('',#435,#436,#235,.T.);
#540=EDGE_CURVE('',#436,#436,#374,.T.);
#541=EDGE_CURVE('',#437,#437,#375,.T.);
#542=EDGE_CURVE('',#437,#438,#236,.T.);
#543=EDGE_CURVE('',#438,#438,#376,.T.);
#544=EDGE_CURVE('',#439,#439,#377,.T.);
#545=EDGE_CURVE('',#439,#440,#237,.T.);
#546=EDGE_CURVE('',#440,#440,#378,.T.);
#547=EDGE_CURVE('',#441,#441,#379,.T.);
#548=EDGE_CURVE('',#441,#442,#238,.T.);
#549=EDGE_CURVE('',#442,#442,#380,.T.);
#550=EDGE_CURVE('',#443,#443,#381,.T.);
#551=EDGE_CURVE('',#443,#444,#239,.T.);
#552=EDGE_CURVE('',#444,#444,#382,.T.);
#553=EDGE_CURVE('',#445,#446,#240,.T.);
#554=EDGE_CURVE('',#445,#421,#383,.F.);
#555=EDGE_CURVE('',#420,#447,#241,.T.);
#556=EDGE_CURVE('',#448,#447,#242,.T.);
#557=EDGE_CURVE('',#446,#448,#384,.T.);
#558=EDGE_CURVE('',#449,#449,#385,.T.);
#559=EDGE_CURVE('',#449,#444,#243,.T.);
#560=EDGE_CURVE('',#450,#429,#244,.T.);
#561=EDGE_CURVE('',#451,#450,#386,.T.);
#562=EDGE_CURVE('',#451,#423,#245,.T.);
#563=EDGE_CURVE('',#452,#427,#192,.T.);
#564=EDGE_CURVE('',#453,#452,#246,.T.);
#565=EDGE_CURVE('',#453,#454,#387,.T.);
#566=EDGE_CURVE('',#455,#454,#247,.T.);
#567=EDGE_CURVE('',#430,#455,#193,.T.);
#568=EDGE_CURVE('',#454,#456,#248,.T.);
#569=EDGE_CURVE('',#457,#453,#249,.T.);
#570=EDGE_CURVE('',#456,#457,#388,.T.);
#571=EDGE_CURVE('',#458,#428,#250,.T.);
#572=EDGE_CURVE('',#459,#458,#389,.T.);
#573=EDGE_CURVE('',#460,#459,#251,.T.);
#574=EDGE_CURVE('',#460,#461,#252,.T.);
#575=EDGE_CURVE('',#450,#461,#253,.T.);
#576=EDGE_CURVE('',#462,#462,#390,.T.);
#577=EDGE_CURVE('',#455,#463,#254,.T.);
#578=EDGE_CURVE('',#431,#463,#194,.T.);
#579=EDGE_CURVE('',#464,#456,#195,.T.);
#580=EDGE_CURVE('',#464,#465,#255,.T.);
#581=EDGE_CURVE('',#466,#465,#196,.T.);
#582=EDGE_CURVE('',#463,#466,#256,.T.);
#583=EDGE_CURVE('',#452,#467,#257,.T.);
#584=EDGE_CURVE('',#468,#467,#258,.T.);
#585=EDGE_CURVE('',#469,#468,#197,.T.);
#586=EDGE_CURVE('',#470,#469,#259,.T.);
#587=EDGE_CURVE('',#457,#470,#198,.T.);
#588=EDGE_CURVE('',#471,#472,#391,.T.);
#589=EDGE_CURVE('',#471,#473,#260,.T.);
#590=EDGE_CURVE('',#473,#474,#199,.T.);
#591=EDGE_CURVE('',#474,#475,#392,.T.);
#592=EDGE_CURVE('',#472,#475,#261,.T.);
#593=EDGE_CURVE('',#476,#445,#200,.F.);
#594=EDGE_CURVE('',#476,#477,#262,.T.);
#595=EDGE_CURVE('',#422,#477,#393,.T.);
#596=EDGE_CURVE('',#448,#478,#201,.T.);
#597=EDGE_CURVE('',#478,#479,#394,.T.);
#598=EDGE_CURVE('',#479,#446,#202,.T.);
#599=EDGE_CURVE('',#480,#478,#203,.T.);
#600=EDGE_CURVE('',#481,#480,#204,.T.);
#601=EDGE_CURVE('',#479,#481,#205,.T.);
#602=EDGE_CURVE('',#481,#482,#263,.T.);
#603=EDGE_CURVE('',#482,#483,#206,.T.);
#604=EDGE_CURVE('',#476,#483,#264,.F.);
#605=EDGE_CURVE('',#484,#485,#207,.T.);
#606=EDGE_CURVE('',#485,#486,#395,.T.);
#607=EDGE_CURVE('',#486,#487,#208,.T.);
#608=EDGE_CURVE('',#487,#484,#396,.T.);
#609=EDGE_CURVE('',#488,#485,#209,.T.);
#610=EDGE_CURVE('',#489,#488,#210,.T.);
#611=EDGE_CURVE('',#486,#489,#211,.T.);
#612=EDGE_CURVE('',#490,#480,#265,.T.);
#613=EDGE_CURVE('',#490,#491,#397,.T.);
#614=EDGE_CURVE('',#489,#491,#266,.T.);
#615=EDGE_CURVE('',#492,#488,#267,.T.);
#616=EDGE_CURVE('',#492,#493,#212,.T.);
#617=EDGE_CURVE('',#494,#493,#213,.T.);
#618=EDGE_CURVE('',#494,#432,#268,.T.);
#619=EDGE_CURVE('',#468,#466,#398,.T.);
#620=EDGE_CURVE('',#467,#426,#214,.T.);
#621=EDGE_CURVE('',#425,#495,#269,.T.);
#622=EDGE_CURVE('',#496,#495,#215,.T.);
#623=EDGE_CURVE('',#496,#482,#216,.T.);
#624=EDGE_CURVE('',#484,#474,#270,.T.);
#625=EDGE_CURVE('',#497,#473,#271,.F.);
#626=EDGE_CURVE('',#492,#497,#217,.F.);
#627=EDGE_CURVE('',#491,#498,#399,.T.);
#628=EDGE_CURVE('',#499,#498,#19,.F.);
#629=EDGE_CURVE('',#499,#487,#272,.T.);
#630=EDGE_CURVE('',#447,#500,#20,.T.);
#631=EDGE_CURVE('',#490,#500,#400,.F.);
#632=EDGE_CURVE('',#499,#501,#273,.T.);
#633=EDGE_CURVE('',#475,#501,#274,.T.);
#634=EDGE_CURVE('',#502,#502,#401,.T.);
#635=EDGE_CURVE('',#434,#503,#275,.T.);
#636=EDGE_CURVE('',#458,#503,#218,.T.);
#637=EDGE_CURVE('',#504,#504,#402,.T.);
#638=EDGE_CURVE('',#504,#505,#276,.T.);
#639=EDGE_CURVE('',#505,#505,#403,.T.);
#640=EDGE_CURVE('',#506,#506,#404,.T.);
#641=EDGE_CURVE('',#470,#464,#405,.T.);
#642=EDGE_CURVE('',#465,#469,#406,.T.);
#643=EDGE_CURVE('',#507,#507,#407,.T.);
#644=EDGE_CURVE('',#507,#505,#277,.T.);
#645=EDGE_CURVE('',#506,#508,#408,.T.);
#646=EDGE_CURVE('',#508,#508,#409,.T.);
#647=EDGE_CURVE('',#509,#509,#410,.T.);
#648=EDGE_CURVE('',#509,#508,#278,.T.);
#649=EDGE_CURVE('',#471,#433,#279,.T.);
#650=EDGE_CURVE('',#497,#494,#280,.T.);
#651=EDGE_CURVE('',#424,#477,#281,.T.);
#652=EDGE_CURVE('',#461,#498,#282,.T.);
#653=EDGE_CURVE('',#500,#510,#283,.T.);
#654=EDGE_CURVE('',#510,#451,#284,.T.);
#655=EDGE_CURVE('',#501,#460,#285,.T.);
#656=EDGE_CURVE('',#495,#483,#286,.T.);
#657=EDGE_CURVE('',#503,#511,#411,.T.);
#658=EDGE_CURVE('',#511,#459,#287,.T.);
#659=EDGE_CURVE('',#510,#419,#288,.T.);
#660=EDGE_CURVE('',#502,#512,#289,.T.);
#661=EDGE_CURVE('',#512,#512,#412,.T.);
#662=EDGE_CURVE('',#512,#462,#290,.T.);
#663=EDGE_CURVE('',#511,#472,#291,.T.);
#664=ORIENTED_EDGE('',*,*,#513,.T.);
#665=ORIENTED_EDGE('',*,*,#514,.T.);
#666=ORIENTED_EDGE('',*,*,#515,.T.);
#667=ORIENTED_EDGE('',*,*,#516,.T.);
#668=ORIENTED_EDGE('',*,*,#517,.T.);
#669=ORIENTED_EDGE('',*,*,#516,.F.);
#670=ORIENTED_EDGE('',*,*,#518,.T.);
#671=ORIENTED_EDGE('',*,*,#519,.T.);
#672=ORIENTED_EDGE('',*,*,#520,.T.);
#673=ORIENTED_EDGE('',*,*,#521,.T.);
#674=ORIENTED_EDGE('',*,*,#522,.T.);
#675=ORIENTED_EDGE('',*,*,#523,.T.);
#676=ORIENTED_EDGE('',*,*,#524,.T.);
#677=ORIENTED_EDGE('',*,*,#514,.F.);
#678=ORIENTED_EDGE('',*,*,#525,.T.);
#679=ORIENTED_EDGE('',*,*,#519,.F.);
#680=ORIENTED_EDGE('',*,*,#526,.T.);
#681=ORIENTED_EDGE('',*,*,#527,.F.);
#682=ORIENTED_EDGE('',*,*,#528,.F.);
#683=ORIENTED_EDGE('',*,*,#529,.F.);
#684=ORIENTED_EDGE('',*,*,#530,.T.);
#685=ORIENTED_EDGE('',*,*,#531,.T.);
#686=ORIENTED_EDGE('',*,*,#532,.T.);
#687=ORIENTED_EDGE('',*,*,#533,.T.);
#688=ORIENTED_EDGE('',*,*,#534,.F.);
#689=ORIENTED_EDGE('',*,*,#535,.T.);
#690=ORIENTED_EDGE('',*,*,#536,.T.);
#691=ORIENTED_EDGE('',*,*,#537,.F.);
#692=ORIENTED_EDGE('',*,*,#538,.F.);
#693=ORIENTED_EDGE('',*,*,#539,.T.);
#694=ORIENTED_EDGE('',*,*,#540,.F.);
#695=ORIENTED_EDGE('',*,*,#539,.F.);
#696=ORIENTED_EDGE('',*,*,#541,.F.);
#697=ORIENTED_EDGE('',*,*,#542,.T.);
#698=ORIENTED_EDGE('',*,*,#543,.F.);
#699=ORIENTED_EDGE('',*,*,#542,.F.);
#700=ORIENTED_EDGE('',*,*,#544,.F.);
#701=ORIENTED_EDGE('',*,*,#545,.T.);
#702=ORIENTED_EDGE('',*,*,#546,.T.);
#703=ORIENTED_EDGE('',*,*,#545,.F.);
#704=ORIENTED_EDGE('',*,*,#546,.F.);
#705=ORIENTED_EDGE('',*,*,#547,.F.);
#706=ORIENTED_EDGE('',*,*,#548,.T.);
#707=ORIENTED_EDGE('',*,*,#549,.T.);
#708=ORIENTED_EDGE('',*,*,#548,.F.);
#709=ORIENTED_EDGE('',*,*,#549,.F.);
#710=ORIENTED_EDGE('',*,*,#550,.T.);
#711=ORIENTED_EDGE('',*,*,#551,.T.);
#712=ORIENTED_EDGE('',*,*,#552,.T.);
#713=ORIENTED_EDGE('',*,*,#551,.F.);
#714=ORIENTED_EDGE('',*,*,#553,.F.);
#715=ORIENTED_EDGE('',*,*,#554,.T.);
#716=ORIENTED_EDGE('',*,*,#522,.F.);
#717=ORIENTED_EDGE('',*,*,#555,.T.);
#718=ORIENTED_EDGE('',*,*,#556,.F.);
#719=ORIENTED_EDGE('',*,*,#557,.F.);
#720=ORIENTED_EDGE('',*,*,#550,.F.);
#721=ORIENTED_EDGE('',*,*,#558,.F.);
#722=ORIENTED_EDGE('',*,*,#559,.T.);
#723=ORIENTED_EDGE('',*,*,#552,.F.);
#724=ORIENTED_EDGE('',*,*,#559,.F.);
#725=ORIENTED_EDGE('',*,*,#532,.F.);
#726=ORIENTED_EDGE('',*,*,#560,.F.);
#727=ORIENTED_EDGE('',*,*,#561,.F.);
#728=ORIENTED_EDGE('',*,*,#562,.T.);
#729=ORIENTED_EDGE('',*,*,#530,.F.);
#730=ORIENTED_EDGE('',*,*,#563,.F.);
#731=ORIENTED_EDGE('',*,*,#564,.F.);
#732=ORIENTED_EDGE('',*,*,#565,.T.);
#733=ORIENTED_EDGE('',*,*,#566,.F.);
#734=ORIENTED_EDGE('',*,*,#567,.F.);
#735=ORIENTED_EDGE('',*,*,#568,.F.);
#736=ORIENTED_EDGE('',*,*,#565,.F.);
#737=ORIENTED_EDGE('',*,*,#569,.F.);
#738=ORIENTED_EDGE('',*,*,#570,.F.);
#739=ORIENTED_EDGE('',*,*,#560,.T.);
#740=ORIENTED_EDGE('',*,*,#531,.F.);
#741=ORIENTED_EDGE('',*,*,#571,.F.);
#742=ORIENTED_EDGE('',*,*,#572,.F.);
#743=ORIENTED_EDGE('',*,*,#573,.F.);
#744=ORIENTED_EDGE('',*,*,#574,.T.);
#745=ORIENTED_EDGE('',*,*,#575,.F.);
#746=ORIENTED_EDGE('',*,*,#576,.T.);
#747=ORIENTED_EDGE('',*,*,#567,.T.);
#748=ORIENTED_EDGE('',*,*,#577,.T.);
#749=ORIENTED_EDGE('',*,*,#578,.F.);
#750=ORIENTED_EDGE('',*,*,#533,.F.);
#751=ORIENTED_EDGE('',*,*,#566,.T.);
#752=ORIENTED_EDGE('',*,*,#568,.T.);
#753=ORIENTED_EDGE('',*,*,#579,.F.);
#754=ORIENTED_EDGE('',*,*,#580,.T.);
#755=ORIENTED_EDGE('',*,*,#581,.F.);
#756=ORIENTED_EDGE('',*,*,#582,.F.);
#757=ORIENTED_EDGE('',*,*,#577,.F.);
#758=ORIENTED_EDGE('',*,*,#569,.T.);
#759=ORIENTED_EDGE('',*,*,#564,.T.);
#760=ORIENTED_EDGE('',*,*,#583,.T.);
#761=ORIENTED_EDGE('',*,*,#584,.F.);
#762=ORIENTED_EDGE('',*,*,#585,.F.);
#763=ORIENTED_EDGE('',*,*,#586,.F.);
#764=ORIENTED_EDGE('',*,*,#587,.F.);
#765=ORIENTED_EDGE('',*,*,#588,.F.);
#766=ORIENTED_EDGE('',*,*,#589,.T.);
#767=ORIENTED_EDGE('',*,*,#590,.T.);
#768=ORIENTED_EDGE('',*,*,#591,.T.);
#769=ORIENTED_EDGE('',*,*,#592,.F.);
#770=ORIENTED_EDGE('',*,*,#593,.F.);
#771=ORIENTED_EDGE('',*,*,#594,.T.);
#772=ORIENTED_EDGE('',*,*,#595,.F.);
#773=ORIENTED_EDGE('',*,*,#523,.F.);
#774=ORIENTED_EDGE('',*,*,#554,.F.);
#775=ORIENTED_EDGE('',*,*,#596,.T.);
#776=ORIENTED_EDGE('',*,*,#597,.T.);
#777=ORIENTED_EDGE('',*,*,#598,.T.);
#778=ORIENTED_EDGE('',*,*,#557,.T.);
#779=ORIENTED_EDGE('',*,*,#597,.F.);
#780=ORIENTED_EDGE('',*,*,#599,.F.);
#781=ORIENTED_EDGE('',*,*,#600,.F.);
#782=ORIENTED_EDGE('',*,*,#601,.F.);
#783=ORIENTED_EDGE('',*,*,#601,.T.);
#784=ORIENTED_EDGE('',*,*,#602,.T.);
#785=ORIENTED_EDGE('',*,*,#603,.T.);
#786=ORIENTED_EDGE('',*,*,#604,.F.);
#787=ORIENTED_EDGE('',*,*,#593,.T.);
#788=ORIENTED_EDGE('',*,*,#553,.T.);
#789=ORIENTED_EDGE('',*,*,#598,.F.);
#790=ORIENTED_EDGE('',*,*,#605,.T.);
#791=ORIENTED_EDGE('',*,*,#606,.T.);
#792=ORIENTED_EDGE('',*,*,#607,.T.);
#793=ORIENTED_EDGE('',*,*,#608,.T.);
#794=ORIENTED_EDGE('',*,*,#606,.F.);
#795=ORIENTED_EDGE('',*,*,#609,.F.);
#796=ORIENTED_EDGE('',*,*,#610,.F.);
#797=ORIENTED_EDGE('',*,*,#611,.F.);
#798=ORIENTED_EDGE('',*,*,#600,.T.);
#799=ORIENTED_EDGE('',*,*,#612,.F.);
#800=ORIENTED_EDGE('',*,*,#613,.T.);
#801=ORIENTED_EDGE('',*,*,#614,.F.);
#802=ORIENTED_EDGE('',*,*,#610,.T.);
#803=ORIENTED_EDGE('',*,*,#615,.F.);
#804=ORIENTED_EDGE('',*,*,#616,.T.);
#805=ORIENTED_EDGE('',*,*,#617,.F.);
#806=ORIENTED_EDGE('',*,*,#618,.T.);
#807=ORIENTED_EDGE('',*,*,#534,.T.);
#808=ORIENTED_EDGE('',*,*,#578,.T.);
#809=ORIENTED_EDGE('',*,*,#582,.T.);
#810=ORIENTED_EDGE('',*,*,#619,.F.);
#811=ORIENTED_EDGE('',*,*,#584,.T.);
#812=ORIENTED_EDGE('',*,*,#620,.T.);
#813=ORIENTED_EDGE('',*,*,#528,.T.);
#814=ORIENTED_EDGE('',*,*,#621,.T.);
#815=ORIENTED_EDGE('',*,*,#622,.F.);
#816=ORIENTED_EDGE('',*,*,#623,.T.);
#817=ORIENTED_EDGE('',*,*,#602,.F.);
#818=ORIENTED_EDGE('',*,*,#609,.T.);
#819=ORIENTED_EDGE('',*,*,#605,.F.);
#820=ORIENTED_EDGE('',*,*,#624,.T.);
#821=ORIENTED_EDGE('',*,*,#590,.F.);
#822=ORIENTED_EDGE('',*,*,#625,.F.);
#823=ORIENTED_EDGE('',*,*,#626,.F.);
#824=ORIENTED_EDGE('',*,*,#615,.T.);
#825=ORIENTED_EDGE('',*,*,#611,.T.);
#826=ORIENTED_EDGE('',*,*,#614,.T.);
#827=ORIENTED_EDGE('',*,*,#627,.T.);
#828=ORIENTED_EDGE('',*,*,#628,.F.);
#829=ORIENTED_EDGE('',*,*,#629,.T.);
#830=ORIENTED_EDGE('',*,*,#607,.F.);
#831=ORIENTED_EDGE('',*,*,#599,.T.);
#832=ORIENTED_EDGE('',*,*,#596,.F.);
#833=ORIENTED_EDGE('',*,*,#556,.T.);
#834=ORIENTED_EDGE('',*,*,#630,.T.);
#835=ORIENTED_EDGE('',*,*,#631,.F.);
#836=ORIENTED_EDGE('',*,*,#612,.T.);
#837=ORIENTED_EDGE('',*,*,#629,.F.);
#838=ORIENTED_EDGE('',*,*,#632,.T.);
#839=ORIENTED_EDGE('',*,*,#633,.F.);
#840=ORIENTED_EDGE('',*,*,#591,.F.);
#841=ORIENTED_EDGE('',*,*,#624,.F.);
#842=ORIENTED_EDGE('',*,*,#608,.F.);
#843=ORIENTED_EDGE('',*,*,#634,.F.);
#844=ORIENTED_EDGE('',*,*,#571,.T.);
#845=ORIENTED_EDGE('',*,*,#537,.T.);
#846=ORIENTED_EDGE('',*,*,#635,.T.);
#847=ORIENTED_EDGE('',*,*,#636,.F.);
#848=ORIENTED_EDGE('',*,*,#637,.T.);
#849=ORIENTED_EDGE('',*,*,#638,.T.);
#850=ORIENTED_EDGE('',*,*,#639,.T.);
#851=ORIENTED_EDGE('',*,*,#638,.F.);
#852=ORIENTED_EDGE('',*,*,#640,.F.);
#853=ORIENTED_EDGE('',*,*,#540,.T.);
#854=ORIENTED_EDGE('',*,*,#543,.T.);
#855=ORIENTED_EDGE('',*,*,#580,.F.);
#856=ORIENTED_EDGE('',*,*,#641,.F.);
#857=ORIENTED_EDGE('',*,*,#586,.T.);
#858=ORIENTED_EDGE('',*,*,#642,.F.);
#859=ORIENTED_EDGE('',*,*,#637,.F.);
#860=ORIENTED_EDGE('',*,*,#643,.F.);
#861=ORIENTED_EDGE('',*,*,#644,.T.);
#862=ORIENTED_EDGE('',*,*,#639,.F.);
#863=ORIENTED_EDGE('',*,*,#644,.F.);
#864=ORIENTED_EDGE('',*,*,#587,.T.);
#865=ORIENTED_EDGE('',*,*,#641,.T.);
#866=ORIENTED_EDGE('',*,*,#579,.T.);
#867=ORIENTED_EDGE('',*,*,#570,.T.);
#868=ORIENTED_EDGE('',*,*,#581,.T.);
#869=ORIENTED_EDGE('',*,*,#642,.T.);
#870=ORIENTED_EDGE('',*,*,#585,.T.);
#871=ORIENTED_EDGE('',*,*,#619,.T.);
#872=ORIENTED_EDGE('',*,*,#640,.T.);
#873=ORIENTED_EDGE('',*,*,#645,.T.);
#874=ORIENTED_EDGE('',*,*,#646,.T.);
#875=ORIENTED_EDGE('',*,*,#645,.F.);
#876=ORIENTED_EDGE('',*,*,#647,.F.);
#877=ORIENTED_EDGE('',*,*,#648,.T.);
#878=ORIENTED_EDGE('',*,*,#646,.F.);
#879=ORIENTED_EDGE('',*,*,#648,.F.);
#880=ORIENTED_EDGE('',*,*,#563,.T.);
#881=ORIENTED_EDGE('',*,*,#529,.T.);
#882=ORIENTED_EDGE('',*,*,#620,.F.);
#883=ORIENTED_EDGE('',*,*,#583,.F.);
#884=ORIENTED_EDGE('',*,*,#647,.T.);
#885=ORIENTED_EDGE('',*,*,#538,.T.);
#886=ORIENTED_EDGE('',*,*,#541,.T.);
#887=ORIENTED_EDGE('',*,*,#544,.T.);
#888=ORIENTED_EDGE('',*,*,#547,.T.);
#889=ORIENTED_EDGE('',*,*,#643,.T.);
#890=ORIENTED_EDGE('',*,*,#589,.F.);
#891=ORIENTED_EDGE('',*,*,#649,.T.);
#892=ORIENTED_EDGE('',*,*,#535,.F.);
#893=ORIENTED_EDGE('',*,*,#618,.F.);
#894=ORIENTED_EDGE('',*,*,#650,.F.);
#895=ORIENTED_EDGE('',*,*,#625,.T.);
#896=ORIENTED_EDGE('',*,*,#595,.T.);
#897=ORIENTED_EDGE('',*,*,#651,.F.);
#898=ORIENTED_EDGE('',*,*,#526,.F.);
#899=ORIENTED_EDGE('',*,*,#518,.F.);
#900=ORIENTED_EDGE('',*,*,#515,.F.);
#901=ORIENTED_EDGE('',*,*,#524,.F.);
#902=ORIENTED_EDGE('',*,*,#561,.T.);
#903=ORIENTED_EDGE('',*,*,#575,.T.);
#904=ORIENTED_EDGE('',*,*,#652,.T.);
#905=ORIENTED_EDGE('',*,*,#627,.F.);
#906=ORIENTED_EDGE('',*,*,#613,.F.);
#907=ORIENTED_EDGE('',*,*,#631,.T.);
#908=ORIENTED_EDGE('',*,*,#653,.T.);
#909=ORIENTED_EDGE('',*,*,#654,.T.);
#910=ORIENTED_EDGE('',*,*,#574,.F.);
#911=ORIENTED_EDGE('',*,*,#655,.F.);
#912=ORIENTED_EDGE('',*,*,#632,.F.);
#913=ORIENTED_EDGE('',*,*,#628,.T.);
#914=ORIENTED_EDGE('',*,*,#652,.F.);
#915=ORIENTED_EDGE('',*,*,#622,.T.);
#916=ORIENTED_EDGE('',*,*,#656,.T.);
#917=ORIENTED_EDGE('',*,*,#603,.F.);
#918=ORIENTED_EDGE('',*,*,#623,.F.);
#919=ORIENTED_EDGE('',*,*,#572,.T.);
#920=ORIENTED_EDGE('',*,*,#636,.T.);
#921=ORIENTED_EDGE('',*,*,#657,.T.);
#922=ORIENTED_EDGE('',*,*,#658,.T.);
#923=ORIENTED_EDGE('',*,*,#617,.T.);
#924=ORIENTED_EDGE('',*,*,#616,.F.);
#925=ORIENTED_EDGE('',*,*,#626,.T.);
#926=ORIENTED_EDGE('',*,*,#650,.T.);
#927=ORIENTED_EDGE('',*,*,#562,.F.);
#928=ORIENTED_EDGE('',*,*,#654,.F.);
#929=ORIENTED_EDGE('',*,*,#659,.T.);
#930=ORIENTED_EDGE('',*,*,#520,.F.);
#931=ORIENTED_EDGE('',*,*,#513,.F.);
#932=ORIENTED_EDGE('',*,*,#517,.F.);
#933=ORIENTED_EDGE('',*,*,#525,.F.);
#934=ORIENTED_EDGE('',*,*,#558,.T.);
#935=ORIENTED_EDGE('',*,*,#634,.T.);
#936=ORIENTED_EDGE('',*,*,#660,.T.);
#937=ORIENTED_EDGE('',*,*,#661,.T.);
#938=ORIENTED_EDGE('',*,*,#660,.F.);
#939=ORIENTED_EDGE('',*,*,#661,.F.);
#940=ORIENTED_EDGE('',*,*,#662,.T.);
#941=ORIENTED_EDGE('',*,*,#576,.F.);
#942=ORIENTED_EDGE('',*,*,#662,.F.);
#943=ORIENTED_EDGE('',*,*,#573,.T.);
#944=ORIENTED_EDGE('',*,*,#658,.F.);
#945=ORIENTED_EDGE('',*,*,#663,.T.);
#946=ORIENTED_EDGE('',*,*,#592,.T.);
#947=ORIENTED_EDGE('',*,*,#633,.T.);
#948=ORIENTED_EDGE('',*,*,#655,.T.);
#949=ORIENTED_EDGE('',*,*,#588,.T.);
#950=ORIENTED_EDGE('',*,*,#663,.F.);
#951=ORIENTED_EDGE('',*,*,#657,.F.);
#952=ORIENTED_EDGE('',*,*,#635,.F.);
#953=ORIENTED_EDGE('',*,*,#536,.F.);
#954=ORIENTED_EDGE('',*,*,#649,.F.);
#955=ORIENTED_EDGE('',*,*,#594,.F.);
#956=ORIENTED_EDGE('',*,*,#604,.T.);
#957=ORIENTED_EDGE('',*,*,#656,.F.);
#958=ORIENTED_EDGE('',*,*,#621,.F.);
#959=ORIENTED_EDGE('',*,*,#527,.T.);
#960=ORIENTED_EDGE('',*,*,#651,.T.);
#961=ORIENTED_EDGE('',*,*,#653,.F.);
#962=ORIENTED_EDGE('',*,*,#630,.F.);
#963=ORIENTED_EDGE('',*,*,#555,.F.);
#964=ORIENTED_EDGE('',*,*,#521,.F.);
#965=ORIENTED_EDGE('',*,*,#659,.F.);
#966=CYLINDRICAL_SURFACE('',#1061,12.5);
#967=CYLINDRICAL_SURFACE('',#1064,36.5);
#968=CYLINDRICAL_SURFACE('',#1074,3.);
#969=CYLINDRICAL_SURFACE('',#1077,3.);
#970=CYLINDRICAL_SURFACE('',#1080,3.);
#971=CYLINDRICAL_SURFACE('',#1084,3.);
#972=CYLINDRICAL_SURFACE('',#1094,3.00000004470348);
#973=CYLINDRICAL_SURFACE('',#1096,32.75);
#974=CYLINDRICAL_SURFACE('',#1106,30.25);
#975=CYLINDRICAL_SURFACE('',#1109,30.25);
#976=CYLINDRICAL_SURFACE('',#1113,6.50000009685755);
#977=CYLINDRICAL_SURFACE('',#1114,2.);
#978=CYLINDRICAL_SURFACE('',#1118,6.50000009685755);
#979=CYLINDRICAL_SURFACE('',#1119,36.5);
#980=CYLINDRICAL_SURFACE('',#1122,2.);
#981=CYLINDRICAL_SURFACE('',#1123,2.);
#982=CYLINDRICAL_SURFACE('',#1126,2.);
#983=CYLINDRICAL_SURFACE('',#1131,36.5);
#984=CYLINDRICAL_SURFACE('',#1139,17.5);
#985=CYLINDRICAL_SURFACE('',#1146,45.);
#986=CYLINDRICAL_SURFACE('',#1153,12.5);
#987=CYLINDRICAL_SURFACE('',#1154,12.5);
#988=CYLINDRICAL_SURFACE('',#1156,12.5);
#989=CYLINDRICAL_SURFACE('',#1160,3.00000004470348);
#990=ADVANCED_FACE('',(#66),#966,.T.);
#991=ADVANCED_FACE('',(#67),#967,.T.);
#992=ADVANCED_FACE('',(#68),#44,.T.);
#993=ADVANCED_FACE('',(#69),#45,.T.);
#994=ADVANCED_FACE('',(#70),#46,.T.);
#995=ADVANCED_FACE('',(#71),#968,.F.);
#996=ADVANCED_FACE('',(#72),#969,.F.);
#997=ADVANCED_FACE('',(#73),#970,.F.);
#998=ADVANCED_FACE('',(#74),#47,.T.);
#999=ADVANCED_FACE('',(#75),#971,.F.);
#1000=ADVANCED_FACE('',(#76),#48,.T.);
#1001=ADVANCED_FACE('',(#77),#41,.F.);
#1002=ADVANCED_FACE('',(#78,#28),#49,.T.);
#1003=ADVANCED_FACE('',(#79),#972,.F.);
#1004=ADVANCED_FACE('',(#80),#973,.F.);
#1005=ADVANCED_FACE('',(#81),#50,.T.);
#1006=ADVANCED_FACE('',(#82,#29),#51,.F.);
#1007=ADVANCED_FACE('',(#83),#26,.F.);
#1008=ADVANCED_FACE('',(#84),#52,.F.);
#1009=ADVANCED_FACE('',(#85),#53,.F.);
#1010=ADVANCED_FACE('',(#86),#974,.F.);
#1011=ADVANCED_FACE('',(#87),#975,.F.);
#1012=ADVANCED_FACE('',(#88),#21,.F.);
#1013=ADVANCED_FACE('',(#89),#976,.F.);
#1014=ADVANCED_FACE('',(#90),#977,.F.);
#1015=ADVANCED_FACE('',(#91),#22,.F.);
#1016=ADVANCED_FACE('',(#92),#978,.F.);
#1017=ADVANCED_FACE('',(#93),#979,.T.);
#1018=ADVANCED_FACE('',(#94),#980,.F.);
#1019=ADVANCED_FACE('',(#95),#981,.F.);
#1020=ADVANCED_FACE('',(#96),#982,.F.);
#1021=ADVANCED_FACE('',(#97,#30),#54,.T.);
#1022=ADVANCED_FACE('',(#98),#983,.T.);
#1023=ADVANCED_FACE('',(#99),#42,.F.);
#1024=ADVANCED_FACE('',(#100,#31,#32,#33,#34),#55,.T.);
#1025=ADVANCED_FACE('',(#101),#984,.F.);
#1026=ADVANCED_FACE('',(#102),#23,.F.);
#1027=ADVANCED_FACE('',(#103),#24,.F.);
#1028=ADVANCED_FACE('',(#104),#25,.T.);
#1029=ADVANCED_FACE('',(#105),#985,.T.);
#1030=ADVANCED_FACE('',(#106),#27,.F.);
#1031=ADVANCED_FACE('',(#107,#35,#36,#37,#38,#39),#56,.F.);
#1032=ADVANCED_FACE('',(#108),#57,.F.);
#1033=ADVANCED_FACE('',(#109),#58,.F.);
#1034=ADVANCED_FACE('',(#110),#59,.T.);
#1035=ADVANCED_FACE('',(#111),#60,.F.);
#1036=ADVANCED_FACE('',(#112),#986,.T.);
#1037=ADVANCED_FACE('',(#113),#987,.T.);
#1038=ADVANCED_FACE('',(#114),#988,.T.);
#1039=ADVANCED_FACE('',(#115,#40),#61,.F.);
#1040=ADVANCED_FACE('',(#116),#43,.F.);
#1041=ADVANCED_FACE('',(#117),#989,.F.);
#1042=ADVANCED_FACE('',(#118),#62,.T.);
#1043=ADVANCED_FACE('',(#119),#63,.F.);
#1044=ADVANCED_FACE('',(#120),#64,.F.);
#1045=ADVANCED_FACE('',(#121),#65,.F.);
#1046=CLOSED_SHELL('',(#990,#991,#992,#993,#994,#995,#996,#997,#998,#999,
#1000,#1001,#1002,#1003,#1004,#1005,#1006,#1007,#1008,#1009,#1010,#1011,
#1012,#1013,#1014,#1015,#1016,#1017,#1018,#1019,#1020,#1021,#1022,#1023,
#1024,#1025,#1026,#1027,#1028,#1029,#1030,#1031,#1032,#1033,#1034,#1035,
#1036,#1037,#1038,#1039,#1040,#1041,#1042,#1043,#1044,#1045));
#1047=DERIVED_UNIT_ELEMENT(#1049,1.);
#1048=DERIVED_UNIT_ELEMENT(#2046,-3.);
#1049=(
MASS_UNIT()
NAMED_UNIT(*)
SI_UNIT(.KILO.,.GRAM.)
);
#1050=DERIVED_UNIT((#1047,#1048));
#1051=MEASURE_REPRESENTATION_ITEM('density measure',
POSITIVE_RATIO_MEASURE(7850.),#1050);
#1052=PROPERTY_DEFINITION_REPRESENTATION(#1057,#1054);
#1053=PROPERTY_DEFINITION_REPRESENTATION(#1058,#1055);
#1054=REPRESENTATION('material name',(#1056),#2043);
#1055=REPRESENTATION('density',(#1051),#2043);
#1056=DESCRIPTIVE_REPRESENTATION_ITEM('Steel','Steel');
#1057=PROPERTY_DEFINITION('material property','material name',#2058);
#1058=PROPERTY_DEFINITION('material property','density of part',#2058);
#1059=AXIS2_PLACEMENT_3D('',#1453,#1166,#1167);
#1060=AXIS2_PLACEMENT_3D('',#1454,#1168,#1169);
#1061=AXIS2_PLACEMENT_3D('',#1455,#1170,#1171);
#1062=AXIS2_PLACEMENT_3D('',#1458,#1172,#1173);
#1063=AXIS2_PLACEMENT_3D('',#1462,#1175,#1176);
#1064=AXIS2_PLACEMENT_3D('',#1469,#1177,#1178);
#1065=AXIS2_PLACEMENT_3D('',#1474,#1181,#1182);
#1066=AXIS2_PLACEMENT_3D('',#1475,#1183,#1184);
#1067=AXIS2_PLACEMENT_3D('',#1485,#1190,#1191);
#1068=AXIS2_PLACEMENT_3D('',#1493,#1195,#1196);
#1069=AXIS2_PLACEMENT_3D('',#1496,#1198,#1199);
#1070=AXIS2_PLACEMENT_3D('',#1497,#1200,#1201);
#1071=AXIS2_PLACEMENT_3D('',#1502,#1203,#1204);
#1072=AXIS2_PLACEMENT_3D('',#1506,#1206,#1207);
#1073=AXIS2_PLACEMENT_3D('',#1511,#1210,#1211);
#1074=AXIS2_PLACEMENT_3D('',#1512,#1212,#1213);
#1075=AXIS2_PLACEMENT_3D('',#1514,#1214,#1215);
#1076=AXIS2_PLACEMENT_3D('',#1517,#1217,#1218);
#1077=AXIS2_PLACEMENT_3D('',#1518,#1219,#1220);
#1078=AXIS2_PLACEMENT_3D('',#1520,#1221,#1222);
#1079=AXIS2_PLACEMENT_3D('',#1523,#1224,#1225);
#1080=AXIS2_PLACEMENT_3D('',#1524,#1226,#1227);
#1081=AXIS2_PLACEMENT_3D('',#1526,#1228,#1229);
#1082=AXIS2_PLACEMENT_3D('',#1529,#1231,#1232);
#1083=AXIS2_PLACEMENT_3D('',#1530,#1233,#1234);
#1084=AXIS2_PLACEMENT_3D('',#1531,#1235,#1236);
#1085=AXIS2_PLACEMENT_3D('',#1533,#1237,#1238);
#1086=AXIS2_PLACEMENT_3D('',#1536,#1240,#1241);
#1087=AXIS2_PLACEMENT_3D('',#1537,#1242,#1243);
#1088=AXIS2_PLACEMENT_3D('',#1538,#1244,#1245);
#1089=AXIS2_PLACEMENT_3D('',#1540,#1246,#1247);
#1090=AXIS2_PLACEMENT_3D('',#1543,#1249,#1250);
#1091=AXIS2_PLACEMENT_3D('',#1544,#1251,#1252);
#1092=AXIS2_PLACEMENT_3D('',#1548,#1254,#1255);
#1093=AXIS2_PLACEMENT_3D('',#1553,#1258,#1259);
#1094=AXIS2_PLACEMENT_3D('',#1554,#1260,#1261);
#1095=AXIS2_PLACEMENT_3D('',#1556,#1262,#1263);
#1096=AXIS2_PLACEMENT_3D('',#1558,#1265,#1266);
#1097=AXIS2_PLACEMENT_3D('',#1562,#1268,#1269);
#1098=AXIS2_PLACEMENT_3D('',#1580,#1272,#1273);
#1099=AXIS2_PLACEMENT_3D('',#1595,#1275,#1276);
#1100=AXIS2_PLACEMENT_3D('',#1600,#1279,#1280);
#1101=AXIS2_PLACEMENT_3D('',#1601,#1281,#1282);
#1102=AXIS2_PLACEMENT_3D('',#1605,#1284,#1285);
#1103=AXIS2_PLACEMENT_3D('',#1612,#1289,#1290);
#1104=AXIS2_PLACEMENT_3D('',#1645,#1292,#1293);
#1105=AXIS2_PLACEMENT_3D('',#1675,#1296,#1297);
#1106=AXIS2_PLACEMENT_3D('',#1709,#1301,#1302);
#1107=AXIS2_PLACEMENT_3D('',#1712,#1303,#1304);
#1108=AXIS2_PLACEMENT_3D('',#1723,#1306,#1307);
#1109=AXIS2_PLACEMENT_3D('',#1725,#1309,#1310);
#1110=AXIS2_PLACEMENT_3D('',#1735,#1312,#1313);
#1111=AXIS2_PLACEMENT_3D('',#1736,#1314,#1315);
#1112=AXIS2_PLACEMENT_3D('',#1749,#1316,#1317);
#1113=AXIS2_PLACEMENT_3D('',#1760,#1318,#1319);
#1114=AXIS2_PLACEMENT_3D('',#1797,#1320,#1321);
#1115=AXIS2_PLACEMENT_3D('',#1812,#1324,#1325);
#1116=AXIS2_PLACEMENT_3D('',#1826,#1326,#1327);
#1117=AXIS2_PLACEMENT_3D('',#1838,#1328,#1329);
#1118=AXIS2_PLACEMENT_3D('',#1839,#1330,#1331);
#1119=AXIS2_PLACEMENT_3D('',#1876,#1332,#1333);
#1120=AXIS2_PLACEMENT_3D('',#1880,#1335,#1336);
#1121=AXIS2_PLACEMENT_3D('',#1897,#1340,#1341);
#1122=AXIS2_PLACEMENT_3D('',#1921,#1343,#1344);
#1123=AXIS2_PLACEMENT_3D('',#1935,#1347,#1348);
#1124=AXIS2_PLACEMENT_3D('',#1937,#1349,#1350);
#1125=AXIS2_PLACEMENT_3D('',#1939,#1351,#1352);
#1126=AXIS2_PLACEMENT_3D('',#1941,#1354,#1355);
#1127=AXIS2_PLACEMENT_3D('',#1943,#1356,#1357);
#1128=AXIS2_PLACEMENT_3D('',#1944,#1358,#1359);
#1129=AXIS2_PLACEMENT_3D('',#1945,#1360,#1361);
#1130=AXIS2_PLACEMENT_3D('',#1950,#1364,#1365);
#1131=AXIS2_PLACEMENT_3D('',#1951,#1366,#1367);
#1132=AXIS2_PLACEMENT_3D('',#1960,#1369,#1370);
#1133=AXIS2_PLACEMENT_3D('',#1962,#1371,#1372);
#1134=AXIS2_PLACEMENT_3D('',#1965,#1374,#1375);
#1135=AXIS2_PLACEMENT_3D('',#1966,#1376,#1377);
#1136=AXIS2_PLACEMENT_3D('',#1968,#1378,#1379);
#1137=AXIS2_PLACEMENT_3D('',#1969,#1380,#1381);
#1138=AXIS2_PLACEMENT_3D('',#1970,#1382,#1383);
#1139=AXIS2_PLACEMENT_3D('',#1971,#1384,#1385);
#1140=AXIS2_PLACEMENT_3D('',#1973,#1386,#1387);
#1141=AXIS2_PLACEMENT_3D('',#1975,#1389,#1390);
#1142=AXIS2_PLACEMENT_3D('',#1976,#1391,#1392);
#1143=AXIS2_PLACEMENT_3D('',#1977,#1393,#1394);
#1144=AXIS2_PLACEMENT_3D('',#1979,#1395,#1396);
#1145=AXIS2_PLACEMENT_3D('',#1980,#1397,#1398);
#1146=AXIS2_PLACEMENT_3D('',#1981,#1399,#1400);
#1147=AXIS2_PLACEMENT_3D('',#1983,#1401,#1402);
#1148=AXIS2_PLACEMENT_3D('',#2005,#1404,#1405);
#1149=AXIS2_PLACEMENT_3D('',#2006,#1406,#1407);
#1150=AXIS2_PLACEMENT_3D('',#2009,#1410,#1411);
#1151=AXIS2_PLACEMENT_3D('',#2011,#1413,#1414);
#1152=AXIS2_PLACEMENT_3D('',#2016,#1418,#1419);
#1153=AXIS2_PLACEMENT_3D('',#2018,#1421,#1422);
#1154=AXIS2_PLACEMENT_3D('',#2020,#1424,#1425);
#1155=AXIS2_PLACEMENT_3D('',#2022,#1426,#1427);
#1156=AXIS2_PLACEMENT_3D('',#2024,#1429,#1430);
#1157=AXIS2_PLACEMENT_3D('',#2025,#1431,#1432);
#1158=AXIS2_PLACEMENT_3D('',#2027,#1434,#1435);
#1159=AXIS2_PLACEMENT_3D('',#2030,#1437,#1438);
#1160=AXIS2_PLACEMENT_3D('',#2031,#1439,#1440);
#1161=AXIS2_PLACEMENT_3D('',#2033,#1442,#1443);
#1162=AXIS2_PLACEMENT_3D('',#2035,#1445,#1446);
#1163=AXIS2_PLACEMENT_3D('',#2036,#1447,#1448);
#1164=AXIS2_PLACEMENT_3D('',#2037,#1449,#1450);
#1165=AXIS2_PLACEMENT_3D('',#2038,#1451,#1452);
#1166=DIRECTION('axis',(0.,0.,1.));
#1167=DIRECTION('refdir',(1.,0.,0.));
#1168=DIRECTION('axis',(0.,0.,1.));
#1169=DIRECTION('refdir',(1.,0.,0.));
#1170=DIRECTION('center_axis',(1.,0.,0.));
#1171=DIRECTION('ref_axis',(0.,-0.707106781186547,-0.707106781186547));
#1172=DIRECTION('center_axis',(-1.,0.,0.));
#1173=DIRECTION('ref_axis',(0.,-0.707106781186547,-0.707106781186547));
#1174=DIRECTION('',(-1.,0.,0.));
#1175=DIRECTION('center_axis',(1.,0.,0.));
#1176=DIRECTION('ref_axis',(0.,-0.707106781186547,-0.707106781186547));
#1177=DIRECTION('center_axis',(0.,0.,1.));
#1178=DIRECTION('ref_axis',(1.,0.,0.));
#1179=DIRECTION('',(0.,0.,1.));
#1180=DIRECTION('',(0.,0.,-1.));
#1181=DIRECTION('center_axis',(0.,0.,1.));
#1182=DIRECTION('ref_axis',(1.,0.,0.));
#1183=DIRECTION('center_axis',(0.,-1.,0.));
#1184=DIRECTION('ref_axis',(0.,0.,-1.));
#1185=DIRECTION('',(0.,0.,1.));
#1186=DIRECTION('',(-1.,0.,0.));
#1187=DIRECTION('',(0.,0.,-1.));
#1188=DIRECTION('',(1.,0.,0.));
#1189=DIRECTION('',(0.,0.,-1.));
#1190=DIRECTION('center_axis',(0.,0.,-1.));
#1191=DIRECTION('ref_axis',(1.,0.,0.));
#1192=DIRECTION('',(0.,-1.,0.));
#1193=DIRECTION('',(0.,1.,0.));
#1194=DIRECTION('',(1.,0.,0.));
#1195=DIRECTION('center_axis',(0.,0.,1.));
#1196=DIRECTION('ref_axis',(1.,0.,0.));
#1197=DIRECTION('',(0.,-1.,0.));
#1198=DIRECTION('center_axis',(0.,0.,1.));
#1199=DIRECTION('ref_axis',(0.0763358767251027,-0.997082160067369,0.));
#1200=DIRECTION('center_axis',(0.,0.,-1.));
#1201=DIRECTION('ref_axis',(1.,0.,0.));
#1202=DIRECTION('',(0.,1.,0.));
#1203=DIRECTION('center_axis',(0.,0.,1.));
#1204=DIRECTION('ref_axis',(0.0763358767251027,-0.997082160067369,0.));
#1205=DIRECTION('',(0.,-1.,0.));
#1206=DIRECTION('center_axis',(0.,0.,1.));
#1207=DIRECTION('ref_axis',(1.,0.,0.));
#1208=DIRECTION('',(-1.,0.,0.));
#1209=DIRECTION('',(0.,-1.,0.));
#1210=DIRECTION('center_axis',(0.,0.,1.));
#1211=DIRECTION('ref_axis',(1.,0.,0.));
#1212=DIRECTION('center_axis',(0.,0.,1.));
#1213=DIRECTION('ref_axis',(1.,0.,0.));
#1214=DIRECTION('center_axis',(0.,0.,1.));
#1215=DIRECTION('ref_axis',(1.,0.,0.));
#1216=DIRECTION('',(0.,0.,1.));
#1217=DIRECTION('center_axis',(0.,0.,-1.));
#1218=DIRECTION('ref_axis',(1.,0.,0.));
#1219=DIRECTION('center_axis',(0.,0.,1.));
#1220=DIRECTION('ref_axis',(1.,0.,0.));
#1221=DIRECTION('center_axis',(0.,0.,1.));
#1222=DIRECTION('ref_axis',(1.,0.,0.));
#1223=DIRECTION('',(0.,0.,1.));
#1224=DIRECTION('center_axis',(0.,0.,-1.));
#1225=DIRECTION('ref_axis',(1.,0.,0.));
#1226=DIRECTION('center_axis',(0.,0.,1.));
#1227=DIRECTION('ref_axis',(1.,0.,0.));
#1228=DIRECTION('center_axis',(0.,0.,1.));
#1229=DIRECTION('ref_axis',(1.,0.,0.));
#1230=DIRECTION('',(0.,0.,1.));
#1231=DIRECTION('center_axis',(0.,0.,1.));
#1232=DIRECTION('ref_axis',(1.,0.,0.));
#1233=DIRECTION('center_axis',(0.,0.,-1.));
#1234=DIRECTION('ref_axis',(1.,0.,0.));
#1235=DIRECTION('center_axis',(0.,0.,1.));
#1236=DIRECTION('ref_axis',(1.,0.,0.));
#1237=DIRECTION('center_axis',(0.,0.,1.));
#1238=DIRECTION('ref_axis',(1.,0.,0.));
#1239=DIRECTION('',(0.,0.,1.));
#1240=DIRECTION('center_axis',(0.,0.,1.));
#1241=DIRECTION('ref_axis',(1.,0.,0.));
#1242=DIRECTION('center_axis',(0.,0.,-1.));
#1243=DIRECTION('ref_axis',(1.,0.,0.));
#1244=DIRECTION('center_axis',(-1.,0.,0.));
#1245=DIRECTION('ref_axis',(0.,1.,0.));
#1246=DIRECTION('center_axis',(-1.,0.,0.));
#1247=DIRECTION('ref_axis',(0.,1.,0.));
#1248=DIRECTION('',(0.707106781186548,0.707106781186548,-8.65956056235493E-17));
#1249=DIRECTION('center_axis',(1.,0.,0.));
#1250=DIRECTION('ref_axis',(0.,1.,0.));
#1251=DIRECTION('center_axis',(-1.,0.,0.));
#1252=DIRECTION('ref_axis',(0.,0.,-1.));
#1253=DIRECTION('',(0.,0.,1.));
#1254=DIRECTION('center_axis',(-1.,0.,0.));
#1255=DIRECTION('ref_axis',(0.,0.63636365409725,0.771389201210385));
#1256=DIRECTION('',(0.,0.739940073395944,0.672672793996313));
#1257=DIRECTION('',(0.,0.,1.));
#1258=DIRECTION('center_axis',(1.,0.,0.));
#1259=DIRECTION('ref_axis',(0.,1.,0.));
#1260=DIRECTION('center_axis',(-1.,0.,0.));
#1261=DIRECTION('ref_axis',(0.,1.,0.));
#1262=DIRECTION('center_axis',(-1.,0.,0.));
#1263=DIRECTION('ref_axis',(0.,1.,0.));
#1264=DIRECTION('',(-1.,0.,0.));
#1265=DIRECTION('center_axis',(0.,0.,-1.));
#1266=DIRECTION('ref_axis',(1.14082138985773E-9,1.,0.));
#1267=DIRECTION('',(0.,0.,-1.));
#1268=DIRECTION('center_axis',(0.,0.,-1.));
#1269=DIRECTION('ref_axis',(0.0763358767251027,-0.997082160067369,0.));
#1270=DIRECTION('',(0.,0.,-1.));
#1271=DIRECTION('',(0.,0.,1.));
#1272=DIRECTION('center_axis',(0.,0.,-1.));
#1273=DIRECTION('ref_axis',(0.0763358767251027,-0.997082160067369,0.));
#1274=DIRECTION('',(1.79500532646416E-7,4.09959264795127E-7,-0.9999999999999));
#1275=DIRECTION('center_axis',(0.,0.,1.));
#1276=DIRECTION('ref_axis',(-1.,0.,0.));
#1277=DIRECTION('',(0.,1.,0.));
#1278=DIRECTION('',(0.,-1.,0.));
#1279=DIRECTION('center_axis',(0.,0.,1.));
#1280=DIRECTION('ref_axis',(-1.20447138865859E-5,0.999999999927462,0.));
#1281=DIRECTION('center_axis',(1.,0.,0.));
#1282=DIRECTION('ref_axis',(0.,0.,-1.));
#1283=DIRECTION('',(0.,0.,-1.));
#1284=DIRECTION('center_axis',(1.,0.,0.));
#1285=DIRECTION('ref_axis',(0.,-0.707106781186547,-0.707106781186547));
#1286=DIRECTION('',(0.,0.,-1.));
#1287=DIRECTION('',(0.,0.739940073395944,0.672672793996313));
#1288=DIRECTION('',(0.,-1.,0.));
#1289=DIRECTION('center_axis',(1.,0.,0.));
#1290=DIRECTION('ref_axis',(0.,1.,0.));
#1291=DIRECTION('',(0.,-1.,0.));
#1292=DIRECTION('center_axis',(0.999999999999984,0.,1.79500532797198E-7));
#1293=DIRECTION('ref_axis',(-1.79500532797198E-7,0.,0.999999999999984));
#1294=DIRECTION('',(0.,-1.,0.));
#1295=DIRECTION('',(1.79500532797192E-7,2.59019733789764E-7,-0.99999999999995));
#1296=DIRECTION('center_axis',(-1.,0.,0.));
#1297=DIRECTION('ref_axis',(0.,0.,-1.));
#1298=DIRECTION('',(0.,-1.,0.));
#1299=DIRECTION('',(0.,0.,1.));
#1300=DIRECTION('',(0.,-1.,0.));
#1301=DIRECTION('center_axis',(-1.,0.,0.));
#1302=DIRECTION('ref_axis',(0.,0.63636365409725,0.771389201210385));
#1303=DIRECTION('center_axis',(1.,0.,0.));
#1304=DIRECTION('ref_axis',(0.,0.63636365409725,0.771389201210385));
#1305=DIRECTION('',(1.,0.,0.));
#1306=DIRECTION('center_axis',(1.,0.,0.));
#1307=DIRECTION('ref_axis',(0.,0.63636365409725,0.771389201210385));
#1308=DIRECTION('',(1.,0.,0.));
#1309=DIRECTION('center_axis',(-1.,0.,0.));
#1310=DIRECTION('ref_axis',(0.,0.63636365409725,0.771389201210385));
#1311=DIRECTION('',(1.,0.,0.));
#1312=DIRECTION('center_axis',(-1.,0.,0.));
#1313=DIRECTION('ref_axis',(0.,0.63636365409725,0.771389201210385));
#1314=DIRECTION('center_axis',(-1.,0.,0.));
#1315=DIRECTION('ref_axis',(0.,0.,1.));
#1316=DIRECTION('center_axis',(-1.,0.,0.));
#1317=DIRECTION('ref_axis',(0.,1.,0.));
#1318=DIRECTION('center_axis',(-1.,0.,0.));
#1319=DIRECTION('ref_axis',(0.,1.,1.22464679914735E-16));
#1320=DIRECTION('center_axis',(0.,0.,-1.));
#1321=DIRECTION('ref_axis',(0.809842056109805,0.58664797294105,0.));
#1322=DIRECTION('',(0.,0.,-1.));
#1323=DIRECTION('',(0.,0.,1.));
#1324=DIRECTION('center_axis',(1.,0.,0.));
#1325=DIRECTION('ref_axis',(0.,0.,-1.));
#1326=DIRECTION('center_axis',(1.,0.,0.));
#1327=DIRECTION('ref_axis',(0.,1.,0.));
#1328=DIRECTION('center_axis',(-1.,0.,0.));
#1329=DIRECTION('ref_axis',(0.,1.,0.));
#1330=DIRECTION('center_axis',(1.,0.,0.));
#1331=DIRECTION('ref_axis',(0.,1.,0.));
#1332=DIRECTION('center_axis',(0.,0.,1.));
#1333=DIRECTION('ref_axis',(-1.83697019872103E-16,1.,0.));
#1334=DIRECTION('',(0.,0.,-1.));
#1335=DIRECTION('center_axis',(0.,0.,-1.));
#1336=DIRECTION('ref_axis',(1.,0.,0.));
#1337=DIRECTION('',(0.,0.,1.));
#1338=DIRECTION('',(0.,0.,1.));
#1339=DIRECTION('',(0.,0.,-1.));
#1340=DIRECTION('center_axis',(0.,0.,-1.));
#1341=DIRECTION('ref_axis',(-7.24154043408693E-6,0.99999999997378,0.));
#1342=DIRECTION('',(0.,0.,1.));
#1343=DIRECTION('center_axis',(0.,0.,1.));
#1344=DIRECTION('ref_axis',(-0.809842056109805,0.586647972941051,0.));
#1345=DIRECTION('',(0.,0.,-1.));
#1346=DIRECTION('',(0.,0.,-1.));
#1347=DIRECTION('center_axis',(0.,0.,1.));
#1348=DIRECTION('ref_axis',(-0.809842056109805,0.586647972941051,0.));
#1349=DIRECTION('center_axis',(0.,0.,1.));
#1350=DIRECTION('ref_axis',(-0.809842056109805,0.586647972941051,0.));
#1351=DIRECTION('center_axis',(0.,-0.672672793996313,0.739940073395944));
#1352=DIRECTION('ref_axis',(0.,0.739940073395944,0.672672793996313));
#1353=DIRECTION('',(0.,0.,-1.));
#1354=DIRECTION('center_axis',(0.,0.,-1.));
#1355=DIRECTION('ref_axis',(0.809842056109805,0.58664797294105,0.));
#1356=DIRECTION('center_axis',(0.,-0.672672793996313,0.739940073395944));
#1357=DIRECTION('ref_axis',(1.02687313290876E-16,0.739940073395944,0.672672793996312));
#1358=DIRECTION('center_axis',(0.,0.,1.));
#1359=DIRECTION('ref_axis',(0.809842056109805,0.58664797294105,0.));
#1360=DIRECTION('center_axis',(1.,0.,0.));
#1361=DIRECTION('ref_axis',(0.,0.,1.));
#1362=DIRECTION('',(0.,-0.739940073395944,-0.672672793996313));
#1363=DIRECTION('',(0.,0.,1.));
#1364=DIRECTION('center_axis',(1.,0.,0.));
#1365=DIRECTION('ref_axis',(0.,1.,0.));
#1366=DIRECTION('center_axis',(0.,0.,1.));
#1367=DIRECTION('ref_axis',(1.,0.,0.));
#1368=DIRECTION('',(0.,0.,1.));
#1369=DIRECTION('center_axis',(0.,0.,1.));
#1370=DIRECTION('ref_axis',(1.,0.,0.));
#1371=DIRECTION('center_axis',(0.,0.,1.));
#1372=DIRECTION('ref_axis',(1.,0.,0.));
#1373=DIRECTION('',(0.707106781186547,8.65956056235493E-17,-0.707106781186548));
#1374=DIRECTION('center_axis',(0.,0.,-1.));
#1375=DIRECTION('ref_axis',(1.,0.,0.));
#1376=DIRECTION('center_axis',(0.,0.,1.));
#1377=DIRECTION('ref_axis',(1.,0.,0.));
#1378=DIRECTION('center_axis',(0.,0.,-1.));
#1379=DIRECTION('ref_axis',(0.666666676600774,0.745355983614594,0.));
#1380=DIRECTION('center_axis',(0.,0.,-1.));
#1381=DIRECTION('ref_axis',(-1.20447138865859E-5,0.999999999927462,0.));
#1382=DIRECTION('center_axis',(0.,0.,1.));
#1383=DIRECTION('ref_axis',(-7.24154043408693E-6,0.99999999997378,0.));
#1384=DIRECTION('center_axis',(0.,0.,-1.));
#1385=DIRECTION('ref_axis',(1.,0.,0.));
#1386=DIRECTION('center_axis',(0.,0.,1.));
#1387=DIRECTION('ref_axis',(1.,0.,0.));
#1388=DIRECTION('',(0.,0.,1.));
#1389=DIRECTION('center_axis',(0.,0.,-1.));
#1390=DIRECTION('ref_axis',(-1.20303530144403E-5,0.999999999927635,0.));
#1391=DIRECTION('center_axis',(0.,0.,1.));
#1392=DIRECTION('ref_axis',(-6.23939585010323E-6,0.999999999980535,0.));
#1393=DIRECTION('center_axis',(0.,0.,1.));
#1394=DIRECTION('ref_axis',(1.,0.,0.));
#1395=DIRECTION('center_axis',(1.22464679914735E-16,-1.,0.));
#1396=DIRECTION('ref_axis',(-1.,-1.22464679914735E-16,0.));
#1397=DIRECTION('center_axis',(0.,0.,1.));
#1398=DIRECTION('ref_axis',(0.666666676600774,0.745355983614594,0.));
#1399=DIRECTION('center_axis',(0.,0.,-1.));
#1400=DIRECTION('ref_axis',(1.,0.,0.));
#1401=DIRECTION('center_axis',(0.,0.,-1.));
#1402=DIRECTION('ref_axis',(1.,0.,0.));
#1403=DIRECTION('',(0.,0.,1.));
#1404=DIRECTION('center_axis',(0.,0.,1.));
#1405=DIRECTION('ref_axis',(1.,0.,0.));
#1406=DIRECTION('center_axis',(0.,1.,0.));
#1407=DIRECTION('ref_axis',(0.,0.,-1.));
#1408=DIRECTION('',(0.,0.,-1.));
#1409=DIRECTION('',(-1.,0.,0.));
#1410=DIRECTION('center_axis',(1.,0.,0.));
#1411=DIRECTION('ref_axis',(0.,0.,-1.));
#1412=DIRECTION('',(0.,0.,1.));
#1413=DIRECTION('center_axis',(0.,0.,1.));
#1414=DIRECTION('ref_axis',(-1.,0.,0.));
#1415=DIRECTION('',(1.,0.,0.));
#1416=DIRECTION('',(1.,0.,0.));
#1417=DIRECTION('',(0.,1.,0.));
#1418=DIRECTION('center_axis',(0.,0.672672793996313,-0.739940073395944));
#1419=DIRECTION('ref_axis',(0.,-0.739940073395944,-0.672672793996313));
#1420=DIRECTION('',(-1.,0.,0.));
#1421=DIRECTION('center_axis',(1.,0.,0.));
#1422=DIRECTION('ref_axis',(0.,-0.707106781186547,-0.707106781186547));
#1423=DIRECTION('',(-1.,0.,0.));
#1424=DIRECTION('center_axis',(1.,0.,0.));
#1425=DIRECTION('ref_axis',(0.,-0.707106781186547,-0.707106781186547));
#1426=DIRECTION('center_axis',(-1.,0.,0.));
#1427=DIRECTION('ref_axis',(0.,-0.707106781186547,-0.707106781186547));
#1428=DIRECTION('',(-1.,0.,0.));
#1429=DIRECTION('center_axis',(1.,0.,0.));
#1430=DIRECTION('ref_axis',(0.,-0.707106781186547,-0.707106781186547));
#1431=DIRECTION('center_axis',(-1.,0.,0.));
#1432=DIRECTION('ref_axis',(0.,0.,1.));
#1433=DIRECTION('',(0.,-0.739940073395944,-0.672672793996313));
#1434=DIRECTION('center_axis',(1.,0.,0.));
#1435=DIRECTION('ref_axis',(0.,1.,0.));
#1436=DIRECTION('',(-0.707106781186547,0.707106781186548,8.65956056235494E-17));
#1437=DIRECTION('center_axis',(-1.,0.,0.));
#1438=DIRECTION('ref_axis',(0.,1.,0.));
#1439=DIRECTION('center_axis',(-1.,0.,0.));
#1440=DIRECTION('ref_axis',(0.,1.,0.));
#1441=DIRECTION('',(-1.,0.,0.));
#1442=DIRECTION('center_axis',(0.,-1.,0.));
#1443=DIRECTION('ref_axis',(0.,0.,-1.));
#1444=DIRECTION('',(0.,0.,1.));
#1445=DIRECTION('center_axis',(-1.,0.,0.));
#1446=DIRECTION('ref_axis',(0.,0.,1.));
#1447=DIRECTION('center_axis',(0.,1.,0.));
#1448=DIRECTION('ref_axis',(0.,0.,1.));
#1449=DIRECTION('center_axis',(0.,0.672672793996313,-0.739940073395944));
#1450=DIRECTION('ref_axis',(0.,-0.739940073395944,-0.672672793996313));
#1451=DIRECTION('',(0.,0.,1.));
#1452=DIRECTION('',(1.,0.,0.));
#1453=CARTESIAN_POINT('',(0.,0.,0.));
#1454=CARTESIAN_POINT('',(0.,0.,0.));
#1455=CARTESIAN_POINT('Origin',(-5.,-34.5,69.5));
#1456=CARTESIAN_POINT('',(-2.50000003725447,-36.4142829095085,57.1474488083488));
#1457=CARTESIAN_POINT('',(-2.5000000372529,-47.,69.5));
#1458=CARTESIAN_POINT('Origin',(-2.5000000372529,-34.5,69.5));
#1459=CARTESIAN_POINT('',(-5.,-47.,69.5));
#1460=CARTESIAN_POINT('',(-5.,-47.,69.5));
#1461=CARTESIAN_POINT('',(-5.,-36.1559123795819,57.1101673057645));
#1462=CARTESIAN_POINT('Origin',(-5.,-34.5,69.5));
#1463=CARTESIAN_POINT('Ctrl Pts',(-5.,-36.1559123795819,57.1101673057645));
#1464=CARTESIAN_POINT('Ctrl Pts',(-4.95601555931301,-36.1619949865183,57.1109802516996));
#1465=CARTESIAN_POINT('Ctrl Pts',(-4.91204040494695,-36.1679945117117,57.1117866521492));
#1466=CARTESIAN_POINT('Ctrl Pts',(-4.07355430875549,-36.2808331101839,57.1270345290159));
#1467=CARTESIAN_POINT('Ctrl Pts',(-3.282296030286,-36.3605748626802,57.1391256373251));
#1468=CARTESIAN_POINT('Ctrl Pts',(-2.50000003725604,-36.4142829095085,57.1474488083488));
#1469=CARTESIAN_POINT('Origin',(0.,0.,10.));
#1470=CARTESIAN_POINT('',(-2.5000000372529,-36.4142829095087,57.0000008493662));
#1471=CARTESIAN_POINT('',(-2.5000000372529,-36.4142829095087,10.));
#1472=CARTESIAN_POINT('',(-5.,-36.1559123795819,57.));
#1473=CARTESIAN_POINT('',(-5.,-36.1559123795819,10.));
#1474=CARTESIAN_POINT('Origin',(0.,0.,57.0000008493662));
#1475=CARTESIAN_POINT('Origin',(0.,-47.,83.5));
#1476=CARTESIAN_POINT('',(-2.5000000372529,-47.0000007003546,100.000001490116));
#1477=CARTESIAN_POINT('',(-2.5000000372529,-47.,76.7500005215406));
#1478=CARTESIAN_POINT('',(-10.,-47.0000007003546,100.000001490116));
#1479=CARTESIAN_POINT('',(5.,-47.,100.000002126802));
#1480=CARTESIAN_POINT('',(-10.,-47.0000007003546,86.0000012814999));
#1481=CARTESIAN_POINT('',(-10.,-47.,57.));
#1482=CARTESIAN_POINT('',(-5.,-47.0000007003546,86.0000012814999));
#1483=CARTESIAN_POINT('',(-5.,-47.,86.0000007084825));
#1484=CARTESIAN_POINT('',(-5.,-47.,77.500000320375));
#1485=CARTESIAN_POINT('Origin',(-10.,0.,57.));
#1486=CARTESIAN_POINT('',(-2.50000003725288,-32.6544407365022,57.));
#1487=CARTESIAN_POINT('',(-2.5000000372529,-23.5,57.));
#1488=CARTESIAN_POINT('',(-5.,-36.0000005364418,57.));
#1489=CARTESIAN_POINT('',(-5.,-33.,57.));
#1490=CARTESIAN_POINT('',(-6.02079408186249,-36.0000005364418,57.));
#1491=CARTESIAN_POINT('',(-10.,-36.0000005364418,57.));
#1492=CARTESIAN_POINT('',(-10.0000001490116,-35.1034185944869,57.0000008493662));
#1493=CARTESIAN_POINT('Origin',(0.,0.,57.0000008493662));
#1494=CARTESIAN_POINT('',(-10.,-31.1859343294377,57.));
#1495=CARTESIAN_POINT('',(-10.,0.,57.));
#1496=CARTESIAN_POINT('Origin',(0.,0.,57.));
#1497=CARTESIAN_POINT('Origin',(-10.,0.,57.));
#1498=CARTESIAN_POINT('',(2.4999999627471,-36.4142829146238,57.0000008493662));
#1499=CARTESIAN_POINT('',(2.49999996274711,-32.6544407422063,57.));
#1500=CARTESIAN_POINT('',(2.4999999627471,-16.2018517474567,57.));
#1501=CARTESIAN_POINT('',(10.,-31.1859343294377,57.));
#1502=CARTESIAN_POINT('Origin',(0.,0.,57.));
#1503=CARTESIAN_POINT('',(10.0000001490116,-35.1034185944869,57.0000008493662));
#1504=CARTESIAN_POINT('',(10.,0.,57.));
#1505=CARTESIAN_POINT('',(6.02079408186249,-36.0000005364418,57.));
#1506=CARTESIAN_POINT('Origin',(0.,0.,57.0000008493662));
#1507=CARTESIAN_POINT('',(5.,-36.0000005364418,57.));
#1508=CARTESIAN_POINT('',(10.,-36.0000005364418,57.));
#1509=CARTESIAN_POINT('',(5.,-36.1559123795819,57.));
#1510=CARTESIAN_POINT('',(5.,-47.,57.));
#1511=CARTESIAN_POINT('Origin',(0.,0.,57.0000008493662));
#1512=CARTESIAN_POINT('Origin',(-22.4,-27.,0.));
#1513=CARTESIAN_POINT('',(-25.4,-27.,0.));
#1514=CARTESIAN_POINT('Origin',(-22.4,-27.,0.));
#1515=CARTESIAN_POINT('',(-25.4,-27.,10.));
#1516=CARTESIAN_POINT('',(-25.4,-27.,0.));
#1517=CARTESIAN_POINT('Origin',(-22.4,-27.,10.));
#1518=CARTESIAN_POINT('Origin',(22.4,-27.,0.));
#1519=CARTESIAN_POINT('',(19.4,-27.,0.));
#1520=CARTESIAN_POINT('Origin',(22.4,-27.,0.));
#1521=CARTESIAN_POINT('',(19.4,-27.,10.));
#1522=CARTESIAN_POINT('',(19.4,-27.,0.));
#1523=CARTESIAN_POINT('Origin',(22.4,-27.,10.));
#1524=CARTESIAN_POINT('Origin',(-22.4,27.,0.));
#1525=CARTESIAN_POINT('',(-25.4,27.,0.));
#1526=CARTESIAN_POINT('Origin',(-22.4,27.,0.));
#1527=CARTESIAN_POINT('',(-25.4,27.,10.));
#1528=CARTESIAN_POINT('',(-25.4,27.,0.));
#1529=CARTESIAN_POINT('Origin',(-22.4,27.,10.));
#1530=CARTESIAN_POINT('Origin',(-22.4,27.,10.));
#1531=CARTESIAN_POINT('Origin',(22.4,27.,0.));
#1532=CARTESIAN_POINT('',(19.4,27.,0.));
#1533=CARTESIAN_POINT('Origin',(22.4,27.,0.));
#1534=CARTESIAN_POINT('',(19.4,27.,10.));
#1535=CARTESIAN_POINT('',(19.4,27.,0.));
#1536=CARTESIAN_POINT('Origin',(22.4,27.,10.));
#1537=CARTESIAN_POINT('Origin',(22.4,27.,10.));
#1538=CARTESIAN_POINT('Origin',(-9.5,-40.0000005960464,95.0000014156103));
#1539=CARTESIAN_POINT('',(-10.,-44.0000006407499,95.0000014156103));
#1540=CARTESIAN_POINT('Origin',(-10.,-40.0000005960464,95.0000014156103));
#1541=CARTESIAN_POINT('',(-9.,-43.0000006407499,95.0000014156103));
#1542=CARTESIAN_POINT('',(-9.5,-43.5000006407499,95.0000014156103));
#1543=CARTESIAN_POINT('Origin',(-9.,-40.0000005960464,95.0000014156103));
#1544=CARTESIAN_POINT('Origin',(-10.,0.,110.));
#1545=CARTESIAN_POINT('',(-10.,-36.5820994476807,68.5712495472479));
#1546=CARTESIAN_POINT('',(-10.,-36.5820994476807,90.0686777695402));
#1547=CARTESIAN_POINT('',(-10.,-36.5820994476807,10.));
#1548=CARTESIAN_POINT('Origin',(-10.,-66.2500005364418,62.6654773718683));
#1549=CARTESIAN_POINT('',(-10.,-36.5820994476807,109.470820810729));
#1550=CARTESIAN_POINT('',(-10.,-26.144797177606,118.959277419888));
#1551=CARTESIAN_POINT('',(-10.,-36.5820994476807,99.9313250616805));
#1552=CARTESIAN_POINT('',(-10.,-36.5820994476807,10.));
#1553=CARTESIAN_POINT('Origin',(-10.,-40.0000005960464,95.0000014156103));
#1554=CARTESIAN_POINT('Origin',(10.,-40.0000005960464,95.0000014156103));
#1555=CARTESIAN_POINT('',(-2.5000000372529,-43.0000006407499,95.0000014156103));
#1556=CARTESIAN_POINT('Origin',(-2.5000000372529,-40.0000005960464,95.0000014156103));
#1557=CARTESIAN_POINT('',(10.,-43.0000006407499,95.0000014156103));
#1558=CARTESIAN_POINT('Origin',(0.,0.,110.));
#1559=CARTESIAN_POINT('',(2.49999996274711,-32.6544407422063,110.));
#1560=CARTESIAN_POINT('',(2.49999996274711,-32.6544407422063,110.));
#1561=CARTESIAN_POINT('',(-2.50000003725288,-32.6544407365022,110.));
#1562=CARTESIAN_POINT('Origin',(0.,0.,110.));
#1563=CARTESIAN_POINT('',(-2.50000003725288,-32.6544407365022,110.));
#1564=CARTESIAN_POINT('',(-30.0000004470348,-13.136303634505,33.5000004991889));
#1565=CARTESIAN_POINT('Ctrl Pts',(-30.0000004470348,-13.136303634505,33.5000004991889));
#1566=CARTESIAN_POINT('Ctrl Pts',(-30.0000004470348,-13.136303634505,34.4421359952829));
#1567=CARTESIAN_POINT('Ctrl Pts',(-29.9427412512441,-13.2694429186666,35.3498844111193));
#1568=CARTESIAN_POINT('Ctrl Pts',(-29.6833102947861,-13.8411918071302,37.2975735203036));
#1569=CARTESIAN_POINT('Ctrl Pts',(-29.4378289847945,-14.4031518776639,38.5815136560899));
#1570=CARTESIAN_POINT('Ctrl Pts',(-28.0996470195628,-16.8994386641077,42.1903173407106));
#1571=CARTESIAN_POINT('Ctrl Pts',(-26.9046239148479,-18.8763367028571,44.2292798675469));
#1572=CARTESIAN_POINT('Ctrl Pts',(-23.4844849679792,-22.9712571833264,48.1776730001684));
#1573=CARTESIAN_POINT('Ctrl Pts',(-21.3783539355302,-25.0176232732667,50.0379396107309));
#1574=CARTESIAN_POINT('Ctrl Pts',(-16.1156793986839,-28.6894320914145,53.7281491651413));
#1575=CARTESIAN_POINT('Ctrl Pts',(-13.1743272564708,-30.168062829269,55.4128372868719));
#1576=CARTESIAN_POINT('Ctrl Pts',(-10.0000003414613,-31.1859342199456,57.0000007531414));
#1577=CARTESIAN_POINT('',(-30.0000004470348,-13.136303634505,12.));
#1578=CARTESIAN_POINT('',(-30.0000004470348,-13.136303634505,110.));
#1579=CARTESIAN_POINT('',(30.0003011971506,-13.1356167757835,12.));
#1580=CARTESIAN_POINT('Origin',(0.,0.,12.));
#1581=CARTESIAN_POINT('',(30.0002971685844,-13.1356259765808,34.44319894604));
#1582=CARTESIAN_POINT('',(30.0002991828675,-13.1356213761822,23.22159947302));
#1583=CARTESIAN_POINT('Ctrl Pts',(10.0000003414613,-31.1859342199456,57.0000007531414));
#1584=CARTESIAN_POINT('Ctrl Pts',(12.9411529811779,-30.2428318843213,55.5294244250496));
#1585=CARTESIAN_POINT('Ctrl Pts',(15.6824907783674,-28.904405530593,53.9718633866886));
#1586=CARTESIAN_POINT('Ctrl Pts',(20.1646738318269,-25.9184565369768,50.9107316510479));
#1587=CARTESIAN_POINT('Ctrl Pts',(21.9791957885632,-24.3861759044604,49.4653085498573));
#1588=CARTESIAN_POINT('Ctrl Pts',(25.5996511042047,-20.635201845193,45.9078082353896));
#1589=CARTESIAN_POINT('Ctrl Pts',(27.0458723918809,-18.5700072615845,43.9238479473339));
#1590=CARTESIAN_POINT('Ctrl Pts',(28.6252528168856,-15.9502532679184,40.8064401523677));
#1591=CARTESIAN_POINT('Ctrl Pts',(29.1187013340116,-15.0094958627812,39.5362123783148));
#1592=CARTESIAN_POINT('Ctrl Pts',(29.7910554364259,-13.6242586134374,36.8326452513213));
#1593=CARTESIAN_POINT('Ctrl Pts',(29.9423798792384,-13.2679025726621,35.6110198071015));
#1594=CARTESIAN_POINT('Ctrl Pts',(30.0002971685844,-13.1356259765808,34.44319894604));
#1595=CARTESIAN_POINT('Origin',(0.,0.0477796288968335,12.));
#1596=CARTESIAN_POINT('',(30.0003011971506,-12.4992771023062,12.));
#1597=CARTESIAN_POINT('',(30.0003011971506,0.0238898144484168,12.));
#1598=CARTESIAN_POINT('',(-30.0000004470348,-12.4999989271163,12.));
#1599=CARTESIAN_POINT('',(-30.0000004470348,0.0238898144484168,12.));
#1600=CARTESIAN_POINT('Origin',(0.,0.,12.));
#1601=CARTESIAN_POINT('Origin',(2.4999999627471,-47.,110.000001639128));
#1602=CARTESIAN_POINT('',(2.49999996274867,-36.4142829146236,57.1474488091415));
#1603=CARTESIAN_POINT('',(2.4999999627471,-36.4142829146238,10.));
#1604=CARTESIAN_POINT('',(2.4999999627471,-47.,69.5));
#1605=CARTESIAN_POINT('Origin',(2.4999999627471,-34.5,69.5));
#1606=CARTESIAN_POINT('',(2.4999999627471,-47.0000007003546,100.000001490116));
#1607=CARTESIAN_POINT('',(2.4999999627471,-47.,96.7500008195639));
#1608=CARTESIAN_POINT('',(2.4999999627471,-36.0000005364418,110.000001639128));
#1609=CARTESIAN_POINT('',(2.4999999627471,-39.0113126067824,107.262445211545));
#1610=CARTESIAN_POINT('',(2.4999999627471,-23.5,110.));
#1611=CARTESIAN_POINT('',(2.4999999627471,-43.0000006407499,95.0000014156103));
#1612=CARTESIAN_POINT('Origin',(2.4999999627471,-40.0000005960464,95.0000014156103));
#1613=CARTESIAN_POINT('Ctrl Pts',(30.0002971685844,0.,34.44319894604));
#1614=CARTESIAN_POINT('Ctrl Pts',(30.0002971685844,-88.,34.44319894604));
#1615=CARTESIAN_POINT('Ctrl Pts',(29.9491297718676,0.,35.474917694738));
#1616=CARTESIAN_POINT('Ctrl Pts',(29.9491297718676,-88.,35.474917694738));
#1617=CARTESIAN_POINT('Ctrl Pts',(29.702048908765,0.,37.6746394360198));
#1618=CARTESIAN_POINT('Ctrl Pts',(29.702048908765,-88.,37.6746394360198));
#1619=CARTESIAN_POINT('Ctrl Pts',(28.8672554304907,0.,40.8081039882204));
#1620=CARTESIAN_POINT('Ctrl Pts',(28.8672554304907,-88.,40.8081039882204));
#1621=CARTESIAN_POINT('Ctrl Pts',(26.8719279869282,0.,44.5655049421416));
#1622=CARTESIAN_POINT('Ctrl Pts',(26.8719279869282,-88.,44.5655049421416));
#1623=CARTESIAN_POINT('Ctrl Pts',(23.0657940874143,0.,48.7879210174345));
#1624=CARTESIAN_POINT('Ctrl Pts',(23.0657940874143,-88.,48.7879210174345));
#1625=CARTESIAN_POINT('Ctrl Pts',(18.750901578861,0.,52.0872676510795));
#1626=CARTESIAN_POINT('Ctrl Pts',(18.750901578861,-88.,52.0872676510795));
#1627=CARTESIAN_POINT('Ctrl Pts',(14.7205741819978,0.,54.5419888100008));
#1628=CARTESIAN_POINT('Ctrl Pts',(14.7205741819978,-88.,54.5419888100008));
#1629=CARTESIAN_POINT('Ctrl Pts',(11.6393090402209,0.,56.1803464037615));
#1630=CARTESIAN_POINT('Ctrl Pts',(11.6393090402209,-88.,56.1803464037615));
#1631=CARTESIAN_POINT('Ctrl Pts',(10.0000001490116,0.,57.0000008493662));
#1632=CARTESIAN_POINT('Ctrl Pts',(10.0000001490116,-88.,57.0000008493662));
#1633=CARTESIAN_POINT('',(30.0002971685844,-20.790194077897,34.44319894604));
#1634=CARTESIAN_POINT('',(30.0002971685844,0.,34.44319894604));
#1635=CARTESIAN_POINT('Ctrl Pts',(10.0000001490116,-35.1034185944869,57.0000008493662));
#1636=CARTESIAN_POINT('Ctrl Pts',(14.5340931267831,-33.8117799943516,54.7329543604805));
#1637=CARTESIAN_POINT('Ctrl Pts',(18.3820307284211,-31.7669640938341,52.3650439560093));
#1638=CARTESIAN_POINT('Ctrl Pts',(24.1484537498955,-27.5665711768669,47.5661735850895));
#1639=CARTESIAN_POINT('Ctrl Pts',(26.1256237786181,-25.5747831451182,45.3042893250811));
#1640=CARTESIAN_POINT('Ctrl Pts',(28.2030901813323,-23.1943875724631,41.747652030805));
#1641=CARTESIAN_POINT('Ctrl Pts',(28.7992861261122,-22.4360058836255,40.4308716927589));
#1642=CARTESIAN_POINT('Ctrl Pts',(29.6654914435479,-21.2774907022073,37.5524474723066));
#1643=CARTESIAN_POINT('Ctrl Pts',(29.9204549637945,-20.9054065603452,36.0531049585567));
#1644=CARTESIAN_POINT('Ctrl Pts',(30.0002971685844,-20.7901940778971,34.44319894604));
#1645=CARTESIAN_POINT('Origin',(30.0003015561516,0.,10.0000001490296));
#1646=CARTESIAN_POINT('',(30.0003015561516,-5.49835489396279,10.));
#1647=CARTESIAN_POINT('Ctrl Pts',(30.0003015561517,-5.49835489396279,10.));
#1648=CARTESIAN_POINT('Ctrl Pts',(30.0003015561517,-6.50238855320996,10.));
#1649=CARTESIAN_POINT('Ctrl Pts',(30.0003015523479,-7.60253595038975,10.021190911184));
#1650=CARTESIAN_POINT('Ctrl Pts',(30.0003015210264,-9.20819860466715,10.1956834079423));
#1651=CARTESIAN_POINT('Ctrl Pts',(30.0003015063292,-9.73477587124224,10.2775615306987));
#1652=CARTESIAN_POINT('Ctrl Pts',(30.0003014625694,-10.7421175663837,10.5213478149709));
#1653=CARTESIAN_POINT('Ctrl Pts',(30.0003014345828,-11.2243232278371,10.677261726107));
#1654=CARTESIAN_POINT('Ctrl Pts',(30.000301364912,-11.9068319403849,11.0653987045769));
#1655=CARTESIAN_POINT('Ctrl Pts',(30.0003013282511,-12.1783601339867,11.2696370088119));
#1656=CARTESIAN_POINT('Ctrl Pts',(30.0003012727791,-12.386106343812,11.5786724886991));
#1657=CARTESIAN_POINT('Ctrl Pts',(30.0003012556352,-12.4345256615179,11.6741815760622));
#1658=CARTESIAN_POINT('Ctrl Pts',(30.0003012272322,-12.4845399806174,11.8324147045534));
#1659=CARTESIAN_POINT('Ctrl Pts',(30.0003012109209,-12.4992770692555,11.9232852060892));
#1660=CARTESIAN_POINT('Ctrl Pts',(30.0003011971506,-12.4992771023066,12.));
#1661=CARTESIAN_POINT('',(30.0003015561517,-24.1294821026056,10.));
#1662=CARTESIAN_POINT('',(30.0003015561516,0.,10.0000001490296));
#1663=CARTESIAN_POINT('',(30.0003011971506,-20.7901882646656,12.));
#1664=CARTESIAN_POINT('Ctrl Pts',(30.0003011971506,-20.7901882646657,12.));
#1665=CARTESIAN_POINT('Ctrl Pts',(30.0003012342611,-20.7901882111151,11.7932567551994));
#1666=CARTESIAN_POINT('Ctrl Pts',(30.0003012768888,-20.8619732012928,11.5557772762229));
#1667=CARTESIAN_POINT('Ctrl Pts',(30.0003013530035,-21.1049051607363,11.1317413827191));
#1668=CARTESIAN_POINT('Ctrl Pts',(30.0003013954545,-21.3468657150754,10.8952458940952));
#1669=CARTESIAN_POINT('Ctrl Pts',(30.0003014647741,-21.8892991780357,10.5090654029129));
#1670=CARTESIAN_POINT('Ctrl Pts',(30.0003014985235,-22.3098757460462,10.321046989581));
#1671=CARTESIAN_POINT('Ctrl Pts',(30.0003015422522,-23.1194875954305,10.0774338597273));
#1672=CARTESIAN_POINT('Ctrl Pts',(30.0003015561517,-23.6679211880301,10.));
#1673=CARTESIAN_POINT('Ctrl Pts',(30.0003015561517,-24.1294821026056,10.));
#1674=CARTESIAN_POINT('',(30.000299362368,-20.7901909122616,22.2215995475348));
#1675=CARTESIAN_POINT('Origin',(-30.0000004470348,0.,33.5000004991889));
#1676=CARTESIAN_POINT('',(-30.0000004470348,-20.7906222412392,33.5000004991889));
#1677=CARTESIAN_POINT('',(-30.0000004470348,0.,33.5000004991889));
#1678=CARTESIAN_POINT('',(-30.0000004470348,-20.7906222412392,12.));
#1679=CARTESIAN_POINT('',(-30.0000004470348,-20.7906222412392,10.));
#1680=CARTESIAN_POINT('',(-30.0000004470348,-24.129856468241,10.));
#1681=CARTESIAN_POINT('Ctrl Pts',(-30.0000004470348,-24.129856468241,10.));
#1682=CARTESIAN_POINT('Ctrl Pts',(-30.0000004470348,-23.7236564932582,10.));
#1683=CARTESIAN_POINT('Ctrl Pts',(-30.0000004470348,-23.2399823368815,10.0604734221513));
#1684=CARTESIAN_POINT('Ctrl Pts',(-30.0000004470348,-22.5041966435344,10.2523835246407));
#1685=CARTESIAN_POINT('Ctrl Pts',(-30.0000004470348,-22.1079928245676,10.4062758401683));
#1686=CARTESIAN_POINT('Ctrl Pts',(-30.0000004470348,-21.5106849860276,10.7574317612989));
#1687=CARTESIAN_POINT('Ctrl Pts',(-30.0000004470348,-21.1970468221939,11.0159021480691));
#1688=CARTESIAN_POINT('Ctrl Pts',(-30.0000004470348,-20.944674623426,11.4031823576052));
#1689=CARTESIAN_POINT('Ctrl Pts',(-30.0000004470348,-20.8796455023958,11.5364478254671));
#1690=CARTESIAN_POINT('Ctrl Pts',(-30.0000004470348,-20.8110426455065,11.7596758051724));
#1691=CARTESIAN_POINT('Ctrl Pts',(-30.0000004470348,-20.7906222412392,11.8900391584897));
#1692=CARTESIAN_POINT('Ctrl Pts',(-30.0000004470348,-20.7906222412392,12.));
#1693=CARTESIAN_POINT('',(-30.0000004470348,-5.4999975616276,10.));
#1694=CARTESIAN_POINT('',(-30.0000004470348,0.,10.0000001490116));
#1695=CARTESIAN_POINT('Ctrl Pts',(-30.0000004470348,-12.4999989271163,12.));
#1696=CARTESIAN_POINT('Ctrl Pts',(-30.0000004470348,-12.4999989271163,11.9232822100227));
#1697=CARTESIAN_POINT('Ctrl Pts',(-30.0000004470348,-12.4852615804897,11.832408108074));
#1698=CARTESIAN_POINT('Ctrl Pts',(-30.0000004470348,-12.435246390797,11.6741692356259));
#1699=CARTESIAN_POINT('Ctrl Pts',(-30.0000004470348,-12.3868264015569,11.5786567980175));
#1700=CARTESIAN_POINT('Ctrl Pts',(-30.0000004470348,-12.1790804183924,11.2696156332461));
#1701=CARTESIAN_POINT('Ctrl Pts',(-30.0000004470348,-11.9075534600428,11.0653719971011));
#1702=CARTESIAN_POINT('Ctrl Pts',(-30.0000004470348,-11.2251117519896,10.677264061878));
#1703=CARTESIAN_POINT('Ctrl Pts',(-30.0000004470348,-10.7429799421736,10.5213570509146));
#1704=CARTESIAN_POINT('Ctrl Pts',(-30.0000004470348,-9.73578995957477,10.2775794928492));
#1705=CARTESIAN_POINT('Ctrl Pts',(-30.0000004470348,-9.2092911268901,10.1957001067501));
#1706=CARTESIAN_POINT('Ctrl Pts',(-30.0000004470348,-7.60386745068522,10.0212001589946));
#1707=CARTESIAN_POINT('Ctrl Pts',(-30.0000004470348,-6.5038823201448,10.));
#1708=CARTESIAN_POINT('Ctrl Pts',(-30.0000004470348,-5.4999975616276,10.));
#1709=CARTESIAN_POINT('Origin',(5.,-66.2500005364418,62.6654773718683));
#1710=CARTESIAN_POINT('',(5.,-36.0000005364418,62.6654773718683));
#1711=CARTESIAN_POINT('',(5.,-47.0000007003546,86.0000012814999));
#1712=CARTESIAN_POINT('Origin',(5.,-66.2500005364418,62.6654773718683));
#1713=CARTESIAN_POINT('',(10.0865839821057,-36.0000005364418,62.6654773718683));
#1714=CARTESIAN_POINT('',(5.,-36.0000005364418,62.6654773718683));
#1715=CARTESIAN_POINT('',(10.,-36.5820994476807,68.5712495472479));
#1716=CARTESIAN_POINT('Ctrl Pts',(10.0865839821057,-36.0000005364418,62.6654773718683));
#1717=CARTESIAN_POINT('Ctrl Pts',(10.0865839821057,-36.0000005364418,63.9918251286055));
#1718=CARTESIAN_POINT('Ctrl Pts',(10.0500181154206,-36.0930242167995,65.4439550670526));
#1719=CARTESIAN_POINT('Ctrl Pts',(10.0091066066279,-36.3750007892234,67.4485133271662));
#1720=CARTESIAN_POINT('Ctrl Pts',(10.,-36.47144116102,68.0153528743305));
#1721=CARTESIAN_POINT('Ctrl Pts',(10.,-36.5820994476807,68.5712495472479));
#1722=CARTESIAN_POINT('',(10.,-47.0000007003546,86.0000012814999));
#1723=CARTESIAN_POINT('Origin',(10.,-66.2500005364418,62.6654773718683));
#1724=CARTESIAN_POINT('',(5.,-47.,86.0000007084825));
#1725=CARTESIAN_POINT('Origin',(-5.,-66.2500005364418,62.6654773718683));
#1726=CARTESIAN_POINT('',(-10.0865839821057,-36.0000005364418,62.6654773718683));
#1727=CARTESIAN_POINT('Ctrl Pts',(-10.,-36.5820994476807,68.5712495472479));
#1728=CARTESIAN_POINT('Ctrl Pts',(-10.,-36.47144116102,68.0153528743305));
#1729=CARTESIAN_POINT('Ctrl Pts',(-10.0091066066279,-36.3750007892234,67.4485133271662));
#1730=CARTESIAN_POINT('Ctrl Pts',(-10.0500181154206,-36.0930242167995,65.4439550670526));
#1731=CARTESIAN_POINT('Ctrl Pts',(-10.0865839821057,-36.0000005364418,63.9918251286055));
#1732=CARTESIAN_POINT('Ctrl Pts',(-10.0865839821057,-36.0000005364418,62.6654773718683));
#1733=CARTESIAN_POINT('',(-5.,-36.0000005364418,62.6654773718683));
#1734=CARTESIAN_POINT('',(-5.,-36.0000005364418,62.6654773718683));
#1735=CARTESIAN_POINT('Origin',(-5.,-66.2500005364418,62.6654773718683));
#1736=CARTESIAN_POINT('Origin',(-10.5,-40.0000005960464,95.0000014156103));
#1737=CARTESIAN_POINT('',(-10.5000000018565,-35.2592237879382,99.4469145601243));
#1738=CARTESIAN_POINT('Ctrl Pts',(-10.,-36.5820994476807,99.9313250616805));
#1739=CARTESIAN_POINT('Ctrl Pts',(-10.,-36.5800096565483,99.9311479639932));
#1740=CARTESIAN_POINT('Ctrl Pts',(-10.0000032754203,-36.5779199523249,99.9309698678204));
#1741=CARTESIAN_POINT('Ctrl Pts',(-10.0005027115406,-36.4185882210398,99.9173129583763));
#1742=CARTESIAN_POINT('Ctrl Pts',(-10.0195461191938,-36.2631225982496,99.8982501276945));
#1743=CARTESIAN_POINT('Ctrl Pts',(-10.0917829447359,-35.9639310582311,99.8381108314757));
#1744=CARTESIAN_POINT('Ctrl Pts',(-10.1439296544732,-35.8230504818194,99.7978840064665));
#1745=CARTESIAN_POINT('Ctrl Pts',(-10.2930119646403,-35.5227463871286,99.6695659857369));
#1746=CARTESIAN_POINT('Ctrl Pts',(-10.3951524780978,-35.3781097072346,99.573656771997));
#1747=CARTESIAN_POINT('Ctrl Pts',(-10.5,-35.2592237921484,99.4469145646127));
#1748=CARTESIAN_POINT('',(-10.5000000018565,-35.2592237879382,90.5530882710964));
#1749=CARTESIAN_POINT('Origin',(-10.5,-40.0000005960464,95.0000014156103));
#1750=CARTESIAN_POINT('Ctrl Pts',(-10.5,-35.2592237921484,90.5530882666079));
#1751=CARTESIAN_POINT('Ctrl Pts',(-10.3951524781064,-35.378109706642,90.4263460586607));
#1752=CARTESIAN_POINT('Ctrl Pts',(-10.2930119646403,-35.5227463871286,90.3304368454838));
#1753=CARTESIAN_POINT('Ctrl Pts',(-10.1439296544732,-35.8230504818195,90.2021188247542));
#1754=CARTESIAN_POINT('Ctrl Pts',(-10.0917829447359,-35.9639310582311,90.161891999745));
#1755=CARTESIAN_POINT('Ctrl Pts',(-10.0195461191937,-36.2631225982501,90.101752703526));
#1756=CARTESIAN_POINT('Ctrl Pts',(-10.0005027115406,-36.4185882210421,90.0826898728442));
#1757=CARTESIAN_POINT('Ctrl Pts',(-10.0000032754203,-36.5779199523257,90.0690329634002));
#1758=CARTESIAN_POINT('Ctrl Pts',(-10.,-36.5800096565475,90.0688548672275));
#1759=CARTESIAN_POINT('Ctrl Pts',(-10.,-36.5820994476807,90.0686777695402));
#1760=CARTESIAN_POINT('Origin',(-10.,-40.0000005960464,95.0000014156103));
#1761=CARTESIAN_POINT('',(-11.3766233766234,-34.6817306452038,98.7371134007015));
#1762=CARTESIAN_POINT('Ctrl Pts',(-11.3766233766234,-34.6817306452038,98.7371134007015));
#1763=CARTESIAN_POINT('Ctrl Pts',(-11.3344545642923,-34.6955632506478,98.7567985292629));
#1764=CARTESIAN_POINT('Ctrl Pts',(-11.2931106048813,-34.7106811079185,98.7780797941321));
#1765=CARTESIAN_POINT('Ctrl Pts',(-11.0262892584915,-34.8181660484607,98.9272039397129));
#1766=CARTESIAN_POINT('Ctrl Pts',(-10.8285839098666,-34.9475014355535,99.0948353836199));
#1767=CARTESIAN_POINT('Ctrl Pts',(-10.6116232741074,-35.1402819683224,99.3173791999767));
#1768=CARTESIAN_POINT('Ctrl Pts',(-10.5541858548972,-35.1977828081774,99.3814133995713));
#1769=CARTESIAN_POINT('Ctrl Pts',(-10.5000000032176,-35.2592237885,99.4469145607232));
#1770=CARTESIAN_POINT('',(-11.3766233766234,-34.6817306452038,91.2628894305192));
#1771=CARTESIAN_POINT('Ctrl Pts',(-11.3766233766234,-34.6817306452038,91.2628894305192));
#1772=CARTESIAN_POINT('Ctrl Pts',(-11.5810611109596,-34.6146690809668,91.3583244892921));
#1773=CARTESIAN_POINT('Ctrl Pts',(-11.7813570440458,-34.5469613349206,91.460093023201));
#1774=CARTESIAN_POINT('Ctrl Pts',(-12.448730104066,-34.3151345693023,91.8331911146982));
#1775=CARTESIAN_POINT('Ctrl Pts',(-12.8949144898523,-34.1490837493918,92.1383201016265));
#1776=CARTESIAN_POINT('Ctrl Pts',(-13.6226160270972,-33.8643577560218,92.8288523523821));
#1777=CARTESIAN_POINT('Ctrl Pts',(-13.9340473265741,-33.736451352479,93.208817717154));
#1778=CARTESIAN_POINT('Ctrl Pts',(-14.3696038784927,-33.5532456929279,94.0620509041915));
#1779=CARTESIAN_POINT('Ctrl Pts',(-14.4913755922046,-33.5000004991889,94.5369575563199));
#1780=CARTESIAN_POINT('Ctrl Pts',(-14.4913755922046,-33.5000004991889,95.4630452749007));
#1781=CARTESIAN_POINT('Ctrl Pts',(-14.3696038784926,-33.5532456929279,95.9379519270292));
#1782=CARTESIAN_POINT('Ctrl Pts',(-13.934047326574,-33.736451352479,96.7911851140666));
#1783=CARTESIAN_POINT('Ctrl Pts',(-13.6226160270972,-33.8643577560218,97.1711504788385));
#1784=CARTESIAN_POINT('Ctrl Pts',(-12.8949144898523,-34.1490837493918,97.8616827295941));
#1785=CARTESIAN_POINT('Ctrl Pts',(-12.448730104066,-34.3151345693023,98.1668117165225));
#1786=CARTESIAN_POINT('Ctrl Pts',(-11.7813570440458,-34.5469613349206,98.5399098080196));
#1787=CARTESIAN_POINT('Ctrl Pts',(-11.5810611109596,-34.6146690809668,98.6416783419286));
#1788=CARTESIAN_POINT('Ctrl Pts',(-11.3766233766234,-34.6817306452038,98.7371134007015));
#1789=CARTESIAN_POINT('Ctrl Pts',(-10.5000000032176,-35.2592237885,90.5530882704974));
#1790=CARTESIAN_POINT('Ctrl Pts',(-10.5541858548972,-35.1977828081773,90.6185894316493));
#1791=CARTESIAN_POINT('Ctrl Pts',(-10.6116232741074,-35.1402819683224,90.682623631244));
#1792=CARTESIAN_POINT('Ctrl Pts',(-10.8285839098666,-34.9475014355535,90.9051674476007));
#1793=CARTESIAN_POINT('Ctrl Pts',(-11.0262892584915,-34.8181660484607,91.0727988915078));
#1794=CARTESIAN_POINT('Ctrl Pts',(-11.2931106048813,-34.7106811079185,91.2219230370885));
#1795=CARTESIAN_POINT('Ctrl Pts',(-11.3344545642923,-34.6955632506478,91.2432043019578));
#1796=CARTESIAN_POINT('Ctrl Pts',(-11.3766233766234,-34.6817306452038,91.2628894305192));
#1797=CARTESIAN_POINT('Origin',(-12.,-36.5820994476807,10.));
#1798=CARTESIAN_POINT('',(-11.3766233766234,-34.6817306452038,57.0013211109096));
#1799=CARTESIAN_POINT('',(-11.3766233766234,-34.6817306452038,10.));
#1800=CARTESIAN_POINT('',(-10.0865839821057,-36.0000005364418,57.0903264188507));
#1801=CARTESIAN_POINT('Ctrl Pts',(-11.3766233766234,-34.6817306452038,57.0013211109096));
#1802=CARTESIAN_POINT('Ctrl Pts',(-11.3287012927357,-34.6974504922146,57.0015496773017));
#1803=CARTESIAN_POINT('Ctrl Pts',(-11.2812892921879,-34.7150143604475,57.0018344277571));
#1804=CARTESIAN_POINT('Ctrl Pts',(-10.9882581233471,-34.8363944147369,57.0041104228679));
#1805=CARTESIAN_POINT('Ctrl Pts',(-10.763416350652,-34.990294314605,57.0083553470519));
#1806=CARTESIAN_POINT('Ctrl Pts',(-10.4073798969347,-35.3462538829877,57.0273974163651));
#1807=CARTESIAN_POINT('Ctrl Pts',(-10.2531476222293,-35.5722808531801,57.0436058256939));
#1808=CARTESIAN_POINT('Ctrl Pts',(-10.1268134431882,-35.8783271920734,57.0760804582754));
#1809=CARTESIAN_POINT('Ctrl Pts',(-10.1051918825873,-35.9388345487488,57.082933072543));
#1810=CARTESIAN_POINT('Ctrl Pts',(-10.0865839821057,-36.0000005364418,57.0903264188507));
#1811=CARTESIAN_POINT('',(-10.0865839821057,-36.0000005364418,10.));
#1812=CARTESIAN_POINT('Origin',(10.5,-40.0000005960464,95.0000014156103));
#1813=CARTESIAN_POINT('',(10.,-36.5820994476807,90.0686777695402));
#1814=CARTESIAN_POINT('',(10.5000000018565,-35.2592237879382,90.5530882710964));
#1815=CARTESIAN_POINT('Ctrl Pts',(10.,-36.5820994476807,90.0686777695402));
#1816=CARTESIAN_POINT('Ctrl Pts',(10.,-36.5800096566245,90.068854867221));
#1817=CARTESIAN_POINT('Ctrl Pts',(10.0000032754206,-36.5779199522473,90.0690329634081));
#1818=CARTESIAN_POINT('Ctrl Pts',(10.0005027115335,-36.4185882233275,90.0826898726276));
#1819=CARTESIAN_POINT('Ctrl Pts',(10.0195461191062,-36.2631225986122,90.1017527034533));
#1820=CARTESIAN_POINT('Ctrl Pts',(10.0917829447359,-35.9639310582311,90.161891999745));
#1821=CARTESIAN_POINT('Ctrl Pts',(10.1439296544732,-35.8230504818195,90.2021188247542));
#1822=CARTESIAN_POINT('Ctrl Pts',(10.2930119646403,-35.5227463871286,90.3304368454838));
#1823=CARTESIAN_POINT('Ctrl Pts',(10.3951524780979,-35.3781097072346,90.4263460592236));
#1824=CARTESIAN_POINT('Ctrl Pts',(10.5,-35.2592237921484,90.5530882666079));
#1825=CARTESIAN_POINT('',(10.5000000018565,-35.2592237879382,99.4469145601243));
#1826=CARTESIAN_POINT('Origin',(10.5,-40.0000005960464,95.0000014156103));
#1827=CARTESIAN_POINT('',(10.,-36.5820994476807,99.9313250616805));
#1828=CARTESIAN_POINT('Ctrl Pts',(10.5,-35.2592237921484,99.4469145646127));
#1829=CARTESIAN_POINT('Ctrl Pts',(10.3951524781064,-35.3781097066421,99.5736567725599));
#1830=CARTESIAN_POINT('Ctrl Pts',(10.2930119646403,-35.5227463871286,99.6695659857368));
#1831=CARTESIAN_POINT('Ctrl Pts',(10.1439296544732,-35.8230504818194,99.7978840064665));
#1832=CARTESIAN_POINT('Ctrl Pts',(10.0917829447359,-35.9639310582311,99.8381108314757));
#1833=CARTESIAN_POINT('Ctrl Pts',(10.0195461191062,-36.2631225986123,99.8982501277674));
#1834=CARTESIAN_POINT('Ctrl Pts',(10.0005027115335,-36.4185882233276,99.9173129585931));
#1835=CARTESIAN_POINT('Ctrl Pts',(10.0000032754206,-36.5779199522473,99.9309698678125));
#1836=CARTESIAN_POINT('Ctrl Pts',(10.,-36.5800096566245,99.9311479639997));
#1837=CARTESIAN_POINT('Ctrl Pts',(10.,-36.5820994476807,99.9313250616805));
#1838=CARTESIAN_POINT('Origin',(10.,-40.0000005960464,95.0000014156103));
#1839=CARTESIAN_POINT('Origin',(10.,-40.0000005960464,95.0000014156103));
#1840=CARTESIAN_POINT('',(11.3766233766234,-34.6817306452038,91.2628894305192));
#1841=CARTESIAN_POINT('Ctrl Pts',(11.3766233766234,-34.6817306452038,91.2628894305192));
#1842=CARTESIAN_POINT('Ctrl Pts',(11.3344545642922,-34.6955632506478,91.2432043019578));
#1843=CARTESIAN_POINT('Ctrl Pts',(11.2931106048813,-34.7106811079185,91.2219230370885));
#1844=CARTESIAN_POINT('Ctrl Pts',(11.0262892584915,-34.8181660484607,91.0727988915078));
#1845=CARTESIAN_POINT('Ctrl Pts',(10.8285839098666,-34.9475014355535,90.9051674476007));
#1846=CARTESIAN_POINT('Ctrl Pts',(10.6116232741074,-35.1402819683224,90.682623631244));
#1847=CARTESIAN_POINT('Ctrl Pts',(10.5541858548972,-35.1977828081774,90.6185894316493));
#1848=CARTESIAN_POINT('Ctrl Pts',(10.5000000032176,-35.2592237885,90.5530882704974));
#1849=CARTESIAN_POINT('',(11.3766233766234,-34.6817306452038,98.7371134007015));
#1850=CARTESIAN_POINT('Ctrl Pts',(11.3766233766234,-34.6817306452038,98.7371134007015));
#1851=CARTESIAN_POINT('Ctrl Pts',(11.5810611109596,-34.6146690809668,98.6416783419286));
#1852=CARTESIAN_POINT('Ctrl Pts',(11.7813570440458,-34.5469613349206,98.5399098080196));
#1853=CARTESIAN_POINT('Ctrl Pts',(12.448730104066,-34.3151345693023,98.1668117165224));
#1854=CARTESIAN_POINT('Ctrl Pts',(12.8949144898523,-34.1490837493918,97.8616827295941));
#1855=CARTESIAN_POINT('Ctrl Pts',(13.6226160270972,-33.8643577560218,97.1711504788385));
#1856=CARTESIAN_POINT('Ctrl Pts',(13.934047326574,-33.736451352479,96.7911851140666));
#1857=CARTESIAN_POINT('Ctrl Pts',(14.3696038784926,-33.5532456929279,95.9379519270292));
#1858=CARTESIAN_POINT('Ctrl Pts',(14.4913755922046,-33.5000004991889,95.4630452749007));
#1859=CARTESIAN_POINT('Ctrl Pts',(14.4913755922046,-33.5000004991889,94.5369575563199));
#1860=CARTESIAN_POINT('Ctrl Pts',(14.3696038784926,-33.5532456929279,94.0620509041915));
#1861=CARTESIAN_POINT('Ctrl Pts',(13.9340473265741,-33.736451352479,93.208817717154));
#1862=CARTESIAN_POINT('Ctrl Pts',(13.6226160270972,-33.8643577560218,92.8288523523822));
#1863=CARTESIAN_POINT('Ctrl Pts',(12.8949144898523,-34.1490837493918,92.1383201016265));
#1864=CARTESIAN_POINT('Ctrl Pts',(12.448730104066,-34.3151345693023,91.8331911146982));
#1865=CARTESIAN_POINT('Ctrl Pts',(11.7813570440458,-34.5469613349206,91.460093023201));
#1866=CARTESIAN_POINT('Ctrl Pts',(11.5810611109596,-34.6146690809668,91.3583244892921));
#1867=CARTESIAN_POINT('Ctrl Pts',(11.3766233766234,-34.6817306452038,91.2628894305192));
#1868=CARTESIAN_POINT('Ctrl Pts',(10.5000000032176,-35.2592237885,99.4469145607232));
#1869=CARTESIAN_POINT('Ctrl Pts',(10.5541858548972,-35.1977828081773,99.3814133995713));
#1870=CARTESIAN_POINT('Ctrl Pts',(10.6116232741074,-35.1402819683224,99.3173791999767));
#1871=CARTESIAN_POINT('Ctrl Pts',(10.8285839098666,-34.9475014355535,99.0948353836199));
#1872=CARTESIAN_POINT('Ctrl Pts',(11.0262892584915,-34.8181660484607,98.9272039397129));
#1873=CARTESIAN_POINT('Ctrl Pts',(11.2931106048813,-34.7106811079185,98.7780797941321));
#1874=CARTESIAN_POINT('Ctrl Pts',(11.3344545642923,-34.6955632506478,98.7567985292629));
#1875=CARTESIAN_POINT('Ctrl Pts',(11.3766233766234,-34.6817306452038,98.7371134007015));
#1876=CARTESIAN_POINT('Origin',(0.,0.,10.));
#1877=CARTESIAN_POINT('',(-11.3766233766234,-34.6817306452038,110.));
#1878=CARTESIAN_POINT('',(-11.3766233766234,-34.6817306452038,10.));
#1879=CARTESIAN_POINT('',(11.3766233766234,-34.6817306452038,110.));
#1880=CARTESIAN_POINT('Origin',(0.,0.,110.));
#1881=CARTESIAN_POINT('',(11.3766233766234,-34.6817306452038,10.));
#1882=CARTESIAN_POINT('',(11.3766233766234,-34.6817306452038,57.0013211109096));
#1883=CARTESIAN_POINT('',(11.3766233766234,-34.6817306452038,10.));
#1884=CARTESIAN_POINT('',(10.,-35.1034186369362,57.0145730570157));
#1885=CARTESIAN_POINT('Ctrl Pts',(11.3766233766234,-34.6817306452038,57.0013211109096));
#1886=CARTESIAN_POINT('Ctrl Pts',(10.9210822315582,-34.8311614822338,57.0034938335364));
#1887=CARTESIAN_POINT('Ctrl Pts',(10.4619618002746,-34.971818405901,57.0082128394281));
#1888=CARTESIAN_POINT('Ctrl Pts',(10.,-35.1034186369362,57.0145730570157));
#1889=CARTESIAN_POINT('',(6.02079408186249,-36.0000005364418,57.0903264188507));
#1890=CARTESIAN_POINT('Ctrl Pts',(6.02079408186249,-36.0000005364418,57.0903264188507));
#1891=CARTESIAN_POINT('Ctrl Pts',(7.29415832304626,-35.7870376538548,57.0645848523193));
#1892=CARTESIAN_POINT('Ctrl Pts',(8.56901330544764,-35.5037819355867,57.0354240673687));
#1893=CARTESIAN_POINT('Ctrl Pts',(9.88235190396968,-35.1367736143808,57.0162189007573));
#1894=CARTESIAN_POINT('Ctrl Pts',(9.94119842697802,-35.1201695903491,57.0153826278475));
#1895=CARTESIAN_POINT('Ctrl Pts',(10.,-35.1034186369362,57.0145730570157));
#1896=CARTESIAN_POINT('',(6.02079408186249,-36.0000005364418,10.));
#1897=CARTESIAN_POINT('Origin',(0.,0.,12.));
#1898=CARTESIAN_POINT('Ctrl Pts',(-30.0000004470348,-20.7906222412392,33.5000004991889));
#1899=CARTESIAN_POINT('Ctrl Pts',(-30.0000004470348,-20.7906222412392,35.1581727770579));
#1900=CARTESIAN_POINT('Ctrl Pts',(-29.8230875688377,-21.0533514988891,36.7207906688553));
#1901=CARTESIAN_POINT('Ctrl Pts',(-29.047498971076,-22.1120864772937,39.846100506549));
#1902=CARTESIAN_POINT('Ctrl Pts',(-28.4499080163657,-22.8935702432313,41.2966078890611));
#1903=CARTESIAN_POINT('Ctrl Pts',(-26.5489369594319,-25.1124898621839,44.7249180743319));
#1904=CARTESIAN_POINT('Ctrl Pts',(-24.9002011508567,-26.8324597422162,46.7503887190424));
#1905=CARTESIAN_POINT('Ctrl Pts',(-19.4816392399707,-31.1424465061153,51.6748365830116));
#1906=CARTESIAN_POINT('Ctrl Pts',(-15.2208185099518,-33.6161507875969,54.389591668896));
#1907=CARTESIAN_POINT('Ctrl Pts',(-10.0000001490116,-35.1034185944869,57.0000008493662));
#1908=CARTESIAN_POINT('',(-6.02079408186249,-36.0000005364418,57.0903264188507));
#1909=CARTESIAN_POINT('',(-6.02079408186249,-36.0000005364418,10.));
#1910=CARTESIAN_POINT('',(-10.,-35.1034186369362,57.0145730570157));
#1911=CARTESIAN_POINT('Ctrl Pts',(-10.,-35.1034186369362,57.0145730570157));
#1912=CARTESIAN_POINT('Ctrl Pts',(-9.94119842697802,-35.1201695903491,57.0153826278475));
#1913=CARTESIAN_POINT('Ctrl Pts',(-9.88235190396967,-35.1367736143808,57.0162189007573));
#1914=CARTESIAN_POINT('Ctrl Pts',(-8.56901330544763,-35.5037819355867,57.0354240673687));
#1915=CARTESIAN_POINT('Ctrl Pts',(-7.29415884241678,-35.787037566993,57.06458484182));
#1916=CARTESIAN_POINT('Ctrl Pts',(-6.02079408186249,-36.0000005364418,57.0903264188507));
#1917=CARTESIAN_POINT('Ctrl Pts',(-10.,-35.1034186369362,57.0145730570157));
#1918=CARTESIAN_POINT('Ctrl Pts',(-10.461959210368,-34.9718191436943,57.0082128750855));
#1919=CARTESIAN_POINT('Ctrl Pts',(-10.9210792637078,-34.8311624557756,57.0034938476916));
#1920=CARTESIAN_POINT('Ctrl Pts',(-11.3766233766234,-34.6817306452038,57.0013211109096));
#1921=CARTESIAN_POINT('Origin',(12.,-36.5820994476807,10.));
#1922=CARTESIAN_POINT('',(10.,-36.5820994476807,10.));
#1923=CARTESIAN_POINT('',(10.0865839820064,-36.000000536605,57.0903264188902));
#1924=CARTESIAN_POINT('',(10.0865839821057,-36.0000005364418,10.));
#1925=CARTESIAN_POINT('Ctrl Pts',(10.0865839820512,-36.0000005366208,57.0903264188724));
#1926=CARTESIAN_POINT('Ctrl Pts',(10.1051918825452,-35.9388345488669,57.0829330725564));
#1927=CARTESIAN_POINT('Ctrl Pts',(10.1268134431643,-35.8783271921313,57.0760804582816));
#1928=CARTESIAN_POINT('Ctrl Pts',(10.2531476222293,-35.5722808531801,57.0436058256939));
#1929=CARTESIAN_POINT('Ctrl Pts',(10.4073798969347,-35.3462538829877,57.0273974163651));
#1930=CARTESIAN_POINT('Ctrl Pts',(10.763416350652,-34.990294314605,57.0083553470519));
#1931=CARTESIAN_POINT('Ctrl Pts',(10.9882581233471,-34.8363944147369,57.0041104228679));
#1932=CARTESIAN_POINT('Ctrl Pts',(11.2812892921879,-34.7150143604475,57.0018344277571));
#1933=CARTESIAN_POINT('Ctrl Pts',(11.3287012927357,-34.6974504922146,57.0015496773017));
#1934=CARTESIAN_POINT('Ctrl Pts',(11.3766233766234,-34.6817306452038,57.0013211109096));
#1935=CARTESIAN_POINT('Origin',(12.,-36.5820994476807,10.));
#1936=CARTESIAN_POINT('',(10.0865834335861,-36.0000023394823,110.));
#1937=CARTESIAN_POINT('Origin',(12.,-36.5820994476807,110.));
#1938=CARTESIAN_POINT('',(10.,-36.5820994476807,109.470820810729));
#1939=CARTESIAN_POINT('Origin',(12.,-36.5820994476807,109.470820810729));
#1940=CARTESIAN_POINT('',(10.,-36.5820994476807,10.));
#1941=CARTESIAN_POINT('Origin',(-12.,-36.5820994476807,10.));
#1942=CARTESIAN_POINT('',(-10.0865834335861,-36.0000023394823,110.));
#1943=CARTESIAN_POINT('Origin',(-12.,-36.5820994476807,109.470820810729));
#1944=CARTESIAN_POINT('Origin',(-12.,-36.5820994476807,110.));
#1945=CARTESIAN_POINT('Origin',(10.,0.,57.));
#1946=CARTESIAN_POINT('',(10.,-47.0000007003546,100.000001490116));
#1947=CARTESIAN_POINT('',(10.,-39.3348424264748,106.968327193643));
#1948=CARTESIAN_POINT('',(10.,-47.,110.));
#1949=CARTESIAN_POINT('',(10.,-44.0000006407499,95.0000014156103));
#1950=CARTESIAN_POINT('Origin',(10.,-40.0000005960464,95.0000014156103));
#1951=CARTESIAN_POINT('Origin',(0.,0.,10.));
#1952=CARTESIAN_POINT('',(5.,-36.1559123795819,57.1101673057645));
#1953=CARTESIAN_POINT('',(5.,-36.1559123795819,10.));
#1954=CARTESIAN_POINT('Ctrl Pts',(2.49999996275024,-36.4142829146236,57.1474488091415));
#1955=CARTESIAN_POINT('Ctrl Pts',(3.28229598004575,-36.3605748677376,57.1391256380861));
#1956=CARTESIAN_POINT('Ctrl Pts',(4.07355428353237,-36.2808331135782,57.1270345294746));
#1957=CARTESIAN_POINT('Ctrl Pts',(4.91204040494695,-36.1679945117117,57.1117866521492));
#1958=CARTESIAN_POINT('Ctrl Pts',(4.95601562253593,-36.1619949777752,57.1109802505311));
#1959=CARTESIAN_POINT('Ctrl Pts',(5.,-36.1559123795819,57.1101673057645));
#1960=CARTESIAN_POINT('Origin',(0.,0.,6.5));
#1961=CARTESIAN_POINT('',(-24.5,-3.00038465791102E-15,10.));
#1962=CARTESIAN_POINT('Origin',(0.,0.,10.));
#1963=CARTESIAN_POINT('',(-17.5,2.14313189850787E-15,3.));
#1964=CARTESIAN_POINT('',(-21.,-2.57175827820944E-15,6.5));
#1965=CARTESIAN_POINT('Origin',(0.,0.,3.));
#1966=CARTESIAN_POINT('Origin',(0.,0.,10.));
#1967=CARTESIAN_POINT('',(-41.,-5.02105187650415E-15,10.));
#1968=CARTESIAN_POINT('Origin',(0.,0.,10.));
#1969=CARTESIAN_POINT('Origin',(0.,0.,10.));
#1970=CARTESIAN_POINT('Origin',(0.,0.,10.));
#1971=CARTESIAN_POINT('Origin',(0.,0.,10.));
#1972=CARTESIAN_POINT('',(-17.5,-2.14313189850787E-15,0.));
#1973=CARTESIAN_POINT('Origin',(0.,0.,0.));
#1974=CARTESIAN_POINT('',(-17.5,2.14313189850787E-15,10.));
#1975=CARTESIAN_POINT('Origin',(0.,0.,12.));
#1976=CARTESIAN_POINT('Origin',(0.,0.,12.));
#1977=CARTESIAN_POINT('Origin',(0.,0.,6.));
#1978=CARTESIAN_POINT('',(-45.,-5.51091059616309E-15,6.));
#1979=CARTESIAN_POINT('Origin',(-41.,-5.02105187650415E-15,6.));
#1980=CARTESIAN_POINT('Origin',(0.,0.,6.));
#1981=CARTESIAN_POINT('Origin',(0.,0.,10.));
#1982=CARTESIAN_POINT('',(-45.,-5.51091059616309E-15,0.));
#1983=CARTESIAN_POINT('Origin',(0.,0.,0.));
#1984=CARTESIAN_POINT('',(-45.,5.51091059616309E-15,10.));
#1985=CARTESIAN_POINT('Ctrl Pts',(-10.0000001490116,0.,57.0000008493662));
#1986=CARTESIAN_POINT('Ctrl Pts',(-10.0000001490116,-88.,57.0000008493662));
#1987=CARTESIAN_POINT('Ctrl Pts',(-11.6311643144258,0.,56.1844187666591));
#1988=CARTESIAN_POINT('Ctrl Pts',(-11.6311643144258,-88.,56.1844187666591));
#1989=CARTESIAN_POINT('Ctrl Pts',(-14.6985962312121,0.,54.5552687770173));
#1990=CARTESIAN_POINT('Ctrl Pts',(-14.6985962312121,-88.,54.5552687770173));
#1991=CARTESIAN_POINT('Ctrl Pts',(-18.7155354637275,0.,52.1175444109488));
#1992=CARTESIAN_POINT('Ctrl Pts',(-18.7155354637275,-88.,52.1175444109488));
#1993=CARTESIAN_POINT('Ctrl Pts',(-23.0249423066856,0.,48.8460233495147));
#1994=CARTESIAN_POINT('Ctrl Pts',(-23.0249423066856,-88.,48.8460233495147));
#1995=CARTESIAN_POINT('Ctrl Pts',(-26.9727365149734,0.,44.5096806825456));
#1996=CARTESIAN_POINT('Ctrl Pts',(-26.9727365149734,-88.,44.5096806825456));
#1997=CARTESIAN_POINT('Ctrl Pts',(-29.016003704934,0.,40.5908672255946));
#1998=CARTESIAN_POINT('Ctrl Pts',(-29.016003704934,-88.,40.5908672255946));
#1999=CARTESIAN_POINT('Ctrl Pts',(-29.8210135522965,0.,37.23569831316));
#2000=CARTESIAN_POINT('Ctrl Pts',(-29.8210135522965,-88.,37.23569831316));
#2001=CARTESIAN_POINT('Ctrl Pts',(-30.0000004470348,0.,34.7815027464875));
#2002=CARTESIAN_POINT('Ctrl Pts',(-30.0000004470348,-88.,34.7815027464875));
#2003=CARTESIAN_POINT('Ctrl Pts',(-30.0000004470348,0.,33.5000004991889));
#2004=CARTESIAN_POINT('Ctrl Pts',(-30.0000004470348,-88.,33.5000004991889));
#2005=CARTESIAN_POINT('Origin',(0.,0.,0.));
#2006=CARTESIAN_POINT('Origin',(10.,-36.0000005364418,77.0000011473894));
#2007=CARTESIAN_POINT('',(5.,-36.0000005364418,77.0000011473894));
#2008=CARTESIAN_POINT('',(-5.,-36.0000005364418,57.0903264188507));
#2009=CARTESIAN_POINT('Origin',(-5.,-41.5000006183982,71.5000006407499));
#2010=CARTESIAN_POINT('',(-5.,-36.0000005364418,77.0000011473894));
#2011=CARTESIAN_POINT('Origin',(10.,0.,110.));
#2012=CARTESIAN_POINT('',(10.,-36.0000023394823,110.));
#2013=CARTESIAN_POINT('',(-2.5000000372529,-36.0000005364418,110.000001639128));
#2014=CARTESIAN_POINT('',(10.,-36.0000023394823,110.));
#2015=CARTESIAN_POINT('',(-2.5000000372529,-23.5,110.));
#2016=CARTESIAN_POINT('Origin',(10.,-36.0000005364418,110.000001639128));
#2017=CARTESIAN_POINT('',(5.,-47.,100.000002126802));
#2018=CARTESIAN_POINT('Origin',(-5.,-34.5,69.5));
#2019=CARTESIAN_POINT('',(-5.,-36.0000005364418,57.0903264188507));
#2020=CARTESIAN_POINT('Origin',(-5.,-34.5,69.5));
#2021=CARTESIAN_POINT('',(5.,-47.,69.5));
#2022=CARTESIAN_POINT('Origin',(5.,-34.5,69.5));
#2023=CARTESIAN_POINT('',(-5.,-47.,69.5));
#2024=CARTESIAN_POINT('Origin',(-5.,-34.5,69.5));
#2025=CARTESIAN_POINT('Origin',(-2.5000000372529,-47.,70.0000010430813));
#2026=CARTESIAN_POINT('',(-2.5000000372529,-48.9660638863415,98.2126713210371));
#2027=CARTESIAN_POINT('Origin',(9.5,-40.0000005960464,95.0000014156103));
#2028=CARTESIAN_POINT('',(9.,-43.0000006407499,95.0000014156103));
#2029=CARTESIAN_POINT('',(9.5,-43.5000006407499,95.0000014156103));
#2030=CARTESIAN_POINT('Origin',(9.,-40.0000005960464,95.0000014156103));
#2031=CARTESIAN_POINT('Origin',(10.,-40.0000005960464,95.0000014156103));
#2032=CARTESIAN_POINT('',(10.,-43.0000006407499,95.0000014156103));
#2033=CARTESIAN_POINT('Origin',(0.,-47.,83.5));
#2034=CARTESIAN_POINT('',(5.,-47.,77.500000320375));
#2035=CARTESIAN_POINT('Origin',(5.,-41.5000006183982,71.5000006407499));
#2036=CARTESIAN_POINT('Origin',(-10.,-36.0000005364418,57.));
#2037=CARTESIAN_POINT('Origin',(10.,-36.0000005364418,110.000001639128));
#2038=CARTESIAN_POINT('',(0.,0.,0.));
#2039=UNCERTAINTY_MEASURE_WITH_UNIT(LENGTH_MEASURE(0.01),#2045,
'DISTANCE_ACCURACY_VALUE',
'Maximum model space distance between geometric entities at asserted c
onnectivities');
#2040=UNCERTAINTY_MEASURE_WITH_UNIT(LENGTH_MEASURE(0.01),#2045,
'DISTANCE_ACCURACY_VALUE',
'Maximum model space distance between geometric entities at asserted c
onnectivities');
#2041=UNCERTAINTY_MEASURE_WITH_UNIT(LENGTH_MEASURE(0.01),#2045,
'DISTANCE_ACCURACY_VALUE',
'Maximum model space distance between geometric entities at asserted c
onnectivities');
#2042=(
GEOMETRIC_REPRESENTATION_CONTEXT(3)
GLOBAL_UNCERTAINTY_ASSIGNED_CONTEXT((#2039))
GLOBAL_UNIT_ASSIGNED_CONTEXT((#2045,#2047,#2048))
REPRESENTATION_CONTEXT('','3D')
);
#2043=(
GEOMETRIC_REPRESENTATION_CONTEXT(3)
GLOBAL_UNCERTAINTY_ASSIGNED_CONTEXT((#2040))
GLOBAL_UNIT_ASSIGNED_CONTEXT((#2045,#2047,#2048))
REPRESENTATION_CONTEXT('','3D')
);
#2044=(
GEOMETRIC_REPRESENTATION_CONTEXT(3)
GLOBAL_UNCERTAINTY_ASSIGNED_CONTEXT((#2041))
GLOBAL_UNIT_ASSIGNED_CONTEXT((#2045,#2047,#2048))
REPRESENTATION_CONTEXT('','3D')
);
#2045=(
LENGTH_UNIT()
NAMED_UNIT(*)
SI_UNIT(.MILLI.,.METRE.)
);
#2046=(
LENGTH_UNIT()
NAMED_UNIT(*)
SI_UNIT($,.METRE.)
);
#2047=(
NAMED_UNIT(*)
PLANE_ANGLE_UNIT()
SI_UNIT($,.RADIAN.)
);
#2048=(
NAMED_UNIT(*)
SI_UNIT($,.STERADIAN.)
SOLID_ANGLE_UNIT()
);
#2049=SHAPE_DEFINITION_REPRESENTATION(#2051,#2054);
#2050=SHAPE_DEFINITION_REPRESENTATION(#2052,#2055);
#2051=PRODUCT_DEFINITION_SHAPE('',$,#2057);
#2052=PRODUCT_DEFINITION_SHAPE('',$,#2058);
#2053=PRODUCT_DEFINITION_SHAPE($,$,#14);
#2054=SHAPE_REPRESENTATION('',(#1059,#1165),#2042);
#2055=SHAPE_REPRESENTATION('',(#1060),#2043);
#2056=PRODUCT_DEFINITION_CONTEXT('part definition',#2064,'design');
#2057=PRODUCT_DEFINITION('makita-3702-baze','makita-3702-baze v1',#2059,
#2056);
#2058=PRODUCT_DEFINITION('Component2','Component2',#2060,#2056);
#2059=PRODUCT_DEFINITION_FORMATION('',$,#2066);
#2060=PRODUCT_DEFINITION_FORMATION('',$,#2067);
#2061=PRODUCT_RELATED_PRODUCT_CATEGORY('makita-3702-baze v1',
'makita-3702-baze v1',(#2066));
#2062=PRODUCT_RELATED_PRODUCT_CATEGORY('Component2','Component2',(#2067));
#2063=APPLICATION_PROTOCOL_DEFINITION('international standard',
'automotive_design',2009,#2064);
#2064=APPLICATION_CONTEXT(
'Core Data for Automotive Mechanical Design Process');
#2065=PRODUCT_CONTEXT('part definition',#2064,'mechanical');
#2066=PRODUCT('makita-3702-baze','makita-3702-baze v1',$,(#2065));
#2067=PRODUCT('Component2','Component2',$,(#2065));
#2068=PRESENTATION_STYLE_ASSIGNMENT((#2069));
#2069=SURFACE_STYLE_USAGE(.BOTH.,#2070);
#2070=SURFACE_SIDE_STYLE('',(#2071));
#2071=SURFACE_STYLE_FILL_AREA(#2072);
#2072=FILL_AREA_STYLE('Steel - Satin',(#2073));
#2073=FILL_AREA_STYLE_COLOUR('Steel - Satin',#2074);
#2074=COLOUR_RGB('Steel - Satin',0.627450980392157,0.627450980392157,0.627450980392157);
ENDSEC;
END-ISO-10303-21;
